-- MySQL dump 10.13  Distrib 8.0.42, for Win64 (x86_64)
--
-- Host: localhost    Database: moviesdata
-- ------------------------------------------------------
-- Server version	5.7.14

/*!40101 SET @OLD_CHARACTER_SET_CLIENT=@@CHARACTER_SET_CLIENT */;
/*!40101 SET @OLD_CHARACTER_SET_RESULTS=@@CHARACTER_SET_RESULTS */;
/*!40101 SET @OLD_COLLATION_CONNECTION=@@COLLATION_CONNECTION */;
/*!50503 SET NAMES utf8 */;
/*!40103 SET @OLD_TIME_ZONE=@@TIME_ZONE */;
/*!40103 SET TIME_ZONE='+00:00' */;
/*!40014 SET @OLD_UNIQUE_CHECKS=@@UNIQUE_CHECKS, UNIQUE_CHECKS=0 */;
/*!40014 SET @OLD_FOREIGN_KEY_CHECKS=@@FOREIGN_KEY_CHECKS, FOREIGN_KEY_CHECKS=0 */;
/*!40101 SET @OLD_SQL_MODE=@@SQL_MODE, SQL_MODE='NO_AUTO_VALUE_ON_ZERO' */;
/*!40111 SET @OLD_SQL_NOTES=@@SQL_NOTES, SQL_NOTES=0 */;

--
-- Table structure for table `company`
--

DROP TABLE IF EXISTS `company`;
/*!40101 SET @saved_cs_client     = @@character_set_client */;
/*!50503 SET character_set_client = utf8mb4 */;
CREATE TABLE `company` (
  `id_company` int(11) NOT NULL AUTO_INCREMENT,
  `company_name` varchar(100) NOT NULL,
  `id_country` int(11) NOT NULL,
  PRIMARY KEY (`id_company`),
  KEY `fk_idCountry_company` (`id_country`),
  CONSTRAINT `fk_idCountry_company` FOREIGN KEY (`id_country`) REFERENCES `country` (`id_country`)
) ENGINE=InnoDB AUTO_INCREMENT=6 DEFAULT CHARSET=latin1;
/*!40101 SET character_set_client = @saved_cs_client */;

--
-- Dumping data for table `company`
--

LOCK TABLES `company` WRITE;
/*!40000 ALTER TABLE `company` DISABLE KEYS */;
INSERT INTO `company` VALUES (1,'Warner Bros.',1),(2,'Paramount Pictures',1),(3,'Toho',4),(4,'Studio Ghibli',4),(5,'Gaumont',3);
/*!40000 ALTER TABLE `company` ENABLE KEYS */;
UNLOCK TABLES;

--
-- Table structure for table `country`
--

DROP TABLE IF EXISTS `country`;
/*!40101 SET @saved_cs_client     = @@character_set_client */;
/*!50503 SET character_set_client = utf8mb4 */;
CREATE TABLE `country` (
  `id_country` int(11) NOT NULL AUTO_INCREMENT,
  `country` varchar(100) NOT NULL,
  PRIMARY KEY (`id_country`)
) ENGINE=InnoDB AUTO_INCREMENT=6 DEFAULT CHARSET=latin1;
/*!40101 SET character_set_client = @saved_cs_client */;

--
-- Dumping data for table `country`
--

LOCK TABLES `country` WRITE;
/*!40000 ALTER TABLE `country` DISABLE KEYS */;
INSERT INTO `country` VALUES (1,'United States'),(2,'United Kingdom'),(3,'France'),(4,'Japan'),(5,'Germany');
/*!40000 ALTER TABLE `country` ENABLE KEYS */;
UNLOCK TABLES;

--
-- Table structure for table `genre`
--

DROP TABLE IF EXISTS `genre`;
/*!40101 SET @saved_cs_client     = @@character_set_client */;
/*!50503 SET character_set_client = utf8mb4 */;
CREATE TABLE `genre` (
  `id_genre` int(11) NOT NULL AUTO_INCREMENT,
  `genre` varchar(100) NOT NULL,
  PRIMARY KEY (`id_genre`)
) ENGINE=InnoDB AUTO_INCREMENT=11 DEFAULT CHARSET=latin1;
/*!40101 SET character_set_client = @saved_cs_client */;

--
-- Dumping data for table `genre`
--

LOCK TABLES `genre` WRITE;
/*!40000 ALTER TABLE `genre` DISABLE KEYS */;
INSERT INTO `genre` VALUES (1,'Action'),(2,'Drama'),(3,'Comedy'),(4,'Sci-Fi'),(5,'Horror'),(6,'Romance'),(7,'Adventure'),(8,'Thriller'),(9,'Fantasy'),(10,'Animation');
/*!40000 ALTER TABLE `genre` ENABLE KEYS */;
UNLOCK TABLES;

--
-- Table structure for table `language`
--

DROP TABLE IF EXISTS `language`;
/*!40101 SET @saved_cs_client     = @@character_set_client */;
/*!50503 SET character_set_client = utf8mb4 */;
CREATE TABLE `language` (
  `id_language` int(11) NOT NULL AUTO_INCREMENT,
  `language` varchar(100) NOT NULL,
  PRIMARY KEY (`id_language`)
) ENGINE=InnoDB AUTO_INCREMENT=6 DEFAULT CHARSET=latin1;
/*!40101 SET character_set_client = @saved_cs_client */;

--
-- Dumping data for table `language`
--

LOCK TABLES `language` WRITE;
/*!40000 ALTER TABLE `language` DISABLE KEYS */;
INSERT INTO `language` VALUES (1,'English'),(2,'French'),(3,'Japanese'),(4,'German'),(5,'Spanish');
/*!40000 ALTER TABLE `language` ENABLE KEYS */;
UNLOCK TABLES;

--
-- Table structure for table `log_presupuesto`
--

DROP TABLE IF EXISTS `log_presupuesto`;
/*!40101 SET @saved_cs_client     = @@character_set_client */;
/*!50503 SET character_set_client = utf8mb4 */;
CREATE TABLE `log_presupuesto` (
  `id` int(11) NOT NULL AUTO_INCREMENT,
  `id_movie` int(11) DEFAULT NULL,
  `accion` varchar(50) DEFAULT NULL,
  `budget` int(11) DEFAULT NULL,
  `fecha` datetime DEFAULT NULL,
  PRIMARY KEY (`id`)
) ENGINE=MyISAM DEFAULT CHARSET=latin1;
/*!40101 SET character_set_client = @saved_cs_client */;

--
-- Dumping data for table `log_presupuesto`
--

LOCK TABLES `log_presupuesto` WRITE;
/*!40000 ALTER TABLE `log_presupuesto` DISABLE KEYS */;
/*!40000 ALTER TABLE `log_presupuesto` ENABLE KEYS */;
UNLOCK TABLES;

--
-- Table structure for table `movie`
--

DROP TABLE IF EXISTS `movie`;
/*!40101 SET @saved_cs_client     = @@character_set_client */;
/*!50503 SET character_set_client = utf8mb4 */;
CREATE TABLE `movie` (
  `id_movie` int(11) NOT NULL AUTO_INCREMENT,
  `title` varchar(100) NOT NULL,
  `runtime` int(11) NOT NULL,
  `release_date` date NOT NULL,
  `popularity` float DEFAULT NULL,
  `budget` int(11) DEFAULT NULL,
  `revenue` int(11) DEFAULT NULL,
  `vote_count` int(11) DEFAULT NULL,
  `id_genre` int(11) NOT NULL,
  `id_country` int(11) NOT NULL,
  `id_company` int(11) NOT NULL,
  `id_language` int(11) NOT NULL,
  PRIMARY KEY (`id_movie`),
  KEY `fk_idGenre_movie` (`id_genre`),
  KEY `fk_idCountry_movie` (`id_country`),
  KEY `fk_idCompany_movie` (`id_company`),
  KEY `fk_idLanguage_movie` (`id_language`),
  CONSTRAINT `fk_idCompany_movie` FOREIGN KEY (`id_company`) REFERENCES `company` (`id_company`),
  CONSTRAINT `fk_idCountry_movie` FOREIGN KEY (`id_country`) REFERENCES `country` (`id_country`),
  CONSTRAINT `fk_idGenre_movie` FOREIGN KEY (`id_genre`) REFERENCES `genre` (`id_genre`),
  CONSTRAINT `fk_idLanguage_movie` FOREIGN KEY (`id_language`) REFERENCES `language` (`id_language`)
) ENGINE=InnoDB AUTO_INCREMENT=1001 DEFAULT CHARSET=latin1;
/*!40101 SET character_set_client = @saved_cs_client */;

--
-- Dumping data for table `movie`
--

LOCK TABLES `movie` WRITE;
/*!40000 ALTER TABLE `movie` DISABLE KEYS */;
INSERT INTO `movie` VALUES (1,'The Shawshank Redemption',142,'1994-09-22',98.4,25000000,28341469,23000,2,1,1,1),(2,'The Godfather',175,'1972-03-24',92.1,6000000,245066411,22000,2,1,2,1),(3,'Spirited Away',125,'2001-07-20',87.9,15000000,395580000,18000,10,4,4,3),(4,'Performance myself',117,'2023-06-16',18.2,148725431,179399488,21702,2,4,3,1),(5,'Individual last six decide',179,'2005-07-05',44.4,56377289,265957825,8978,10,3,1,4),(6,'Dream lose',145,'2010-01-19',71.1,149222448,553589336,11307,2,4,3,1),(7,'Military step sell',129,'2017-11-14',21.5,174709909,230957965,21802,4,4,4,5),(8,'Phone else any behind',106,'2016-07-14',50.4,71133333,87177666,5886,3,5,3,2),(9,'Before director price',83,'2017-09-19',34.5,31814856,153065451,3174,7,4,1,4),(10,'Region reason',131,'2025-02-03',24,179935019,584263994,11433,1,5,3,4),(11,'Soon goal fall',84,'2016-03-16',59.2,84572112,275744940,21187,8,1,1,5),(12,'Last add despite',117,'2021-07-07',61.2,117458879,451660464,24831,9,2,5,2),(13,'Office contain suffer',146,'2023-10-13',56.6,161800086,278265962,25630,9,2,5,1),(14,'Only analysis',129,'1998-12-02',69.6,99713722,490069417,226,6,3,5,1),(15,'Party throughout',151,'2009-03-06',15.3,85986034,162034969,15937,10,1,1,1),(16,'Push across writer',135,'2013-04-01',17.9,177197998,254128567,18936,4,3,4,4),(17,'Majority movement',176,'2018-05-24',92.2,121177709,328466656,13237,1,1,2,3),(18,'Safe make month American',162,'2023-03-10',66.7,29044437,48598083,20015,3,2,3,3),(19,'Seek structure animal',144,'2015-03-25',23.2,177252415,509568713,2285,3,3,2,1),(20,'Rich cup occur',123,'2010-07-16',84.1,25390590,407472698,14713,8,2,1,4),(21,'Financial data',108,'2011-03-09',29.7,78272033,528533178,20667,6,5,5,1),(22,'None weight',146,'2023-12-15',45.9,48593312,257349267,1499,9,5,5,2),(23,'Wait impact',81,'2024-06-02',50,198483672,655921898,595,9,5,3,1),(24,'Town himself democratic',84,'2013-09-26',75.4,121385631,461703716,26343,3,5,3,2),(25,'Family use minute',171,'2010-10-12',31.3,39533092,520655931,11838,1,3,2,3),(26,'Drive class',138,'2022-08-01',89.7,165196636,261213441,20318,6,2,3,2),(27,'Much',97,'1995-12-11',71,189729435,397157016,8017,4,2,4,2),(28,'Never as prove',142,'2006-06-08',87.5,22029936,321585525,17015,9,3,3,1),(29,'Quickly effort truth',127,'2007-04-30',37.7,69268199,378422053,20019,9,5,2,1),(30,'Participant',133,'2003-03-23',15.1,93410482,202339960,29285,9,4,1,3),(31,'Worker bad health',127,'2012-11-16',90.6,145058486,191445652,28437,4,5,2,4),(32,'Boy deep',104,'2004-08-06',47.3,110975547,289575413,28543,10,1,4,3),(33,'Black prove child',139,'2009-01-30',16.5,66112051,559390341,28486,5,2,3,5),(34,'Hair sure',97,'2004-11-16',91.6,43460443,538363135,23140,4,4,1,1),(35,'You just',80,'1999-05-09',53.5,35763627,273968467,29008,10,1,5,3),(36,'Key degree level',178,'2018-09-06',24.3,109310914,555980312,14755,9,5,2,2),(37,'Sit brother',149,'2023-03-27',85.7,196044505,682565091,18196,5,3,5,4),(38,'Break significant',96,'2020-08-28',19.3,96497533,343464536,28833,6,2,1,1),(39,'Ahead cold above parent',85,'2020-08-23',22,8921402,332976129,27002,5,2,3,1),(40,'Price film number',128,'1998-11-22',76.2,150399215,474222649,5220,9,5,4,5),(41,'Responsibility admit stage',115,'2008-07-22',17.5,145642655,361599048,25145,6,2,3,1),(42,'Already option few watch',106,'2019-08-19',32.9,174194677,311798539,2508,4,2,4,1),(43,'Not training likely',164,'2025-02-28',26.8,62394621,561065430,2392,8,2,2,5),(44,'Per product',124,'2025-04-21',53,94467557,474212690,2098,3,5,1,2),(45,'Around performance another',104,'2021-03-16',36.8,154687155,164143525,9657,1,4,5,5),(46,'Than product',81,'1997-08-12',84.3,99897078,399445787,20932,1,1,1,3),(47,'Three natural size',172,'2020-01-09',83.5,131533956,598950290,16301,10,4,5,2),(48,'Series deal',161,'2023-07-03',96.2,60248986,191994902,23214,5,1,3,5),(49,'Within Republican charge',89,'1997-04-13',91.6,10104508,274961331,13572,10,2,4,1),(50,'True with',83,'2012-01-29',72,52714740,115370935,19056,4,4,5,3),(51,'Thank much record',83,'1996-09-29',29.7,102587204,380955591,29383,9,4,4,3),(52,'Offer Democrat question',129,'2022-06-09',43,156866018,637441704,7470,5,1,1,2),(53,'Go wear beat',115,'2001-07-16',59.4,176875704,633925790,24929,3,1,5,3),(54,'History mention ability',81,'1997-05-24',59.7,61034959,218036989,29478,3,3,5,3),(55,'Real trade',89,'2009-06-13',58.1,176736142,509996058,4005,9,3,3,2),(56,'Which form',162,'2018-08-16',45,102664650,318101145,3738,7,2,1,1),(57,'Start popular perform',106,'1996-04-27',92,163838189,526715269,28375,5,4,4,2),(58,'Such including attack',167,'2017-03-09',95.1,21441892,173404947,25927,8,3,4,2),(59,'Itself eye instead',143,'2020-09-28',60.3,175752447,264887313,27677,7,1,1,1),(60,'Then father current',135,'2004-11-21',12.2,32903240,230438390,20926,6,5,2,2),(61,'Leader wonder',151,'2002-01-27',85.3,185987948,622304864,23994,6,2,3,1),(62,'Garden do',92,'2015-11-14',87.3,176287995,241168797,24378,1,4,5,2),(63,'After guy',168,'1999-09-09',54.3,125281249,592529672,14988,4,4,1,4),(64,'Interesting suddenly',88,'2018-02-10',50.7,187685449,324459131,24585,8,1,5,2),(65,'Floor network exist',99,'2005-09-15',89,157513307,385140574,25959,4,4,4,4),(66,'Protect commercial television',144,'2007-10-14',43.8,186139546,578468833,19377,7,5,4,2),(67,'Rest network',114,'2018-10-24',54.1,121666040,532580987,2347,10,5,4,5),(68,'Close final',139,'1995-12-18',71.2,77818618,502594023,28687,9,5,1,5),(69,'Weight necessary yard',113,'2022-05-22',65.1,198856569,388864393,2446,4,1,1,2),(70,'Perform own',163,'2009-07-19',99.2,102892549,583412379,804,2,1,4,4),(71,'Body major',88,'2007-03-10',55.6,36327870,359863488,3794,8,1,1,1),(72,'Item stop',82,'2008-04-08',72.5,158158945,522688121,11327,3,2,3,2),(73,'Culture tonight floor',168,'2011-03-01',30.5,119041133,583724753,20651,4,2,1,1),(74,'Shoulder resource nice realize',81,'2007-01-04',92.9,157802274,354054201,26849,5,2,5,5),(75,'Plan hold',171,'2004-02-18',22,197266764,356724904,25591,5,4,1,5),(76,'Scene majority process',179,'2010-07-19',80.7,127971156,472586486,12910,4,4,2,2),(77,'Media power yard',152,'2001-11-01',86.3,22853140,79972696,29384,4,3,3,3),(78,'Put effort',156,'2019-03-03',28.5,73562618,321675832,13512,4,5,4,3),(79,'Long guy',99,'1999-10-03',23.5,199793412,549482841,5152,10,4,5,1),(80,'Because hour',107,'2013-09-07',37,58861331,536475451,21761,10,3,4,1),(81,'Coach artist despite',130,'2024-02-29',47.4,33692218,519407985,4541,6,4,2,4),(82,'Ever spring',109,'2011-01-17',97.2,175414736,368378207,8582,10,5,5,5),(83,'Write lay customer',155,'2012-11-09',35.1,106946262,593375359,29793,7,4,5,5),(84,'Response civil',101,'1999-05-04',80.7,152704405,288254270,19211,3,1,3,1),(85,'Sit whose',98,'2000-08-10',25.4,87459253,315745177,5677,3,2,1,5),(86,'Data',148,'2020-02-20',90,10382616,452617400,14320,10,3,5,3),(87,'Not environment near',158,'1996-10-23',24.5,164431591,237410841,7758,10,3,3,5),(88,'Order despite model',165,'2025-02-27',42.9,167593258,269251700,8058,2,1,5,5),(89,'Serve Mr each crime',116,'2002-03-24',57.3,63619913,286533065,14737,9,5,3,3),(90,'Involve blue investment',179,'2002-06-13',18.2,30995835,495621186,18844,2,1,5,1),(91,'Rule have',172,'2000-08-03',98.9,47732648,148978880,20802,1,3,4,3),(92,'War activity',168,'1999-06-30',76.9,118486956,438538126,25285,9,4,3,3),(93,'Could hear',124,'2013-09-24',56.8,110962792,284591836,7595,8,1,5,5),(94,'Anything decade',102,'2013-08-05',34.1,137152758,207761370,21590,5,3,5,1),(95,'Experience result scene',89,'2001-11-15',86.8,83316433,348137055,10519,10,3,1,3),(96,'Determine music rich',112,'2021-09-15',37.2,90749633,563672056,3452,8,4,1,4),(97,'Good',167,'2013-01-16',60.7,99190724,138587435,7298,2,3,2,5),(98,'Cost try relate',98,'2008-03-06',91.6,82044191,91919648,24191,8,5,2,1),(99,'Wish tell just huge',163,'2002-10-11',59.3,128821673,374222800,27006,3,1,1,4),(100,'Can true fine old',164,'2000-03-11',34.5,156249685,497058336,7019,2,3,2,3),(101,'When red',94,'2025-02-11',16.2,172759638,284370313,13368,8,5,3,4),(102,'Better hair',116,'1998-01-07',85.5,78584295,107785246,16291,4,5,3,1),(103,'In word',169,'2017-08-30',32.2,63042756,312635250,20556,10,5,2,5),(104,'Source',166,'2000-10-28',10.1,38734203,49293195,4672,1,4,1,3),(105,'Similar imagine matter',153,'2001-05-25',87.6,145176891,353585122,11876,7,3,4,5),(106,'Join plant run',138,'2021-03-24',15.2,146641964,625103146,29538,10,4,2,4),(107,'Stuff know',92,'2003-07-06',24.3,150217570,466279263,15264,2,5,4,4),(108,'Single',120,'2024-02-16',76.1,93396390,487082488,18226,4,4,4,1),(109,'Society black six',82,'2002-07-27',97.2,100233671,508522550,9506,8,2,5,5),(110,'Challenge price adult',126,'2003-04-18',49.6,87507914,481675825,11184,6,3,3,1),(111,'President question stock rich',180,'2014-08-19',78.4,120372953,474968135,22099,9,2,4,1),(112,'Arm example',120,'2020-04-03',72.8,55038217,199426389,7062,7,4,4,5),(113,'Guy along social',95,'2024-06-22',91.3,163430409,459774776,1183,9,5,1,4),(114,'Mean social stock',143,'2013-12-22',37.1,188416155,426755033,21358,1,2,2,5),(115,'Matter might party institution',94,'2000-10-07',33.5,185295674,554123544,28651,7,4,1,3),(116,'Receive avoid',147,'2011-10-29',33.9,104474734,342274761,5181,8,3,5,4),(117,'Where step ten',85,'1996-10-07',81.6,11945811,198274450,11448,1,3,4,5),(118,'Activity',110,'2005-06-16',23.5,90317161,95185538,2013,9,3,1,5),(119,'Benefit think man',89,'2019-07-14',82.5,36354587,520839654,1894,3,3,3,4),(120,'Wait painting',153,'2015-02-16',60.5,71404660,250108387,13708,5,5,3,2),(121,'Animal future forget',157,'2006-12-11',52.6,131728825,520367361,13504,5,5,1,4),(122,'Else write',141,'1999-10-06',29.9,176699925,304281890,28373,4,5,2,5),(123,'Structure',160,'2013-01-14',86.8,131687834,299504165,1914,6,5,1,3),(124,'Lawyer music themselves',125,'2007-11-21',71.4,67758129,75300005,3213,8,5,2,5),(125,'List executive',90,'2018-11-29',10.4,188913408,194589300,23600,10,1,1,3),(126,'Front chair',157,'1996-07-18',81.7,61522570,216914207,5802,4,4,1,1),(127,'Reason decade record',160,'2002-02-11',72,108312810,249774908,4245,4,3,3,3),(128,'Identify owner song',151,'2021-12-23',47.6,51894993,67112223,12063,1,1,4,5),(129,'Pull laugh',166,'2011-08-04',20.2,135932210,337540962,15482,5,1,4,3),(130,'Term argue people',149,'2019-10-18',98.8,39580278,395790807,18832,9,5,1,3),(131,'Street similar his foot',116,'2023-05-14',65.3,116590302,513406346,25889,7,1,4,4),(132,'Final Mrs onto',138,'2017-08-24',10.4,105231015,179290376,11601,8,5,2,3),(133,'List lose',107,'1997-01-16',79.4,91430021,450320258,16207,2,2,1,3),(134,'Dark oil',147,'2010-12-11',56.2,178224491,411856229,22055,3,1,3,5),(135,'Structure improve know',177,'2011-09-30',34.3,102405900,570509061,7814,4,5,1,5),(136,'Section system according head',100,'2007-09-02',21.6,160101210,509219028,7026,10,2,5,2),(137,'Myself culture authority',133,'2005-04-04',84.3,55868260,200179210,25458,8,1,5,2),(138,'Very already continue',119,'2015-08-02',76.5,156275761,473049275,10745,8,1,2,3),(139,'Low outside forward',99,'2004-03-10',88,47407792,261046156,27676,5,2,2,3),(140,'Season individual gas them',123,'2007-08-05',15.6,72541383,522065041,19556,10,2,5,3),(141,'High',173,'2023-09-27',70.2,51848140,542545768,18182,4,3,4,5),(142,'Apply listen both',128,'2021-09-04',35.6,147325251,321353386,9564,7,3,3,3),(143,'Threat tend',179,'2022-03-31',29.5,20336643,236227853,15633,4,3,4,4),(144,'Kind bill wall',179,'2012-05-02',30,34740079,238360091,18458,2,3,2,3),(145,'Point line thousand',145,'2015-10-12',91.1,89719930,137984090,24879,7,4,1,2),(146,'Activity southern will',91,'2022-10-31',62.1,193768760,647952190,14296,6,1,1,3),(147,'Movie new',179,'2005-01-05',66.1,152066354,300752703,26685,2,2,2,4),(148,'Natural western',112,'2008-04-12',35.2,195977433,232612465,28044,10,2,1,4),(149,'Administration contain bill once',108,'2013-09-11',65.3,177557445,674983213,12136,5,1,2,5),(150,'Really',131,'2005-11-21',24.4,99369529,141339074,21112,6,5,1,2),(151,'Process team explain science',115,'2020-08-08',85.3,86245852,499052319,26126,3,5,3,4),(152,'Nice middle nearly',104,'1995-10-17',68.4,127403051,424403018,5890,5,2,3,5),(153,'Recognize simply individual',104,'2001-07-06',52.7,181837426,665674782,17458,1,5,5,3),(154,'Man big',136,'2016-02-03',35.6,88173218,201431545,18202,8,3,3,5),(155,'Natural stock',100,'1997-01-12',40.7,53996949,354841682,12109,8,4,5,2),(156,'Admit head would',90,'2021-07-27',28,189059364,546458393,9533,9,1,3,3),(157,'None whether',141,'2021-06-10',28.2,91137006,199468023,29437,9,2,5,3),(158,'Send rather',143,'2000-11-22',43.1,99436695,261308438,11241,10,3,1,2),(159,'Many usually',118,'2015-05-09',13.4,120135978,229606376,1439,9,3,4,2),(160,'Thus air',156,'2020-07-22',12.9,136318651,263841055,28256,4,1,2,3),(161,'Three both',178,'2001-04-03',78.2,15540670,512863358,25553,4,3,5,5),(162,'Believe daughter method',118,'2018-10-20',20.3,144683886,555645412,19371,5,1,2,5),(163,'Nothing why',127,'2000-03-13',15.3,171878708,339589644,6733,5,2,4,1),(164,'Fight actually peace',141,'2000-09-05',21.4,38226846,508912496,14145,9,2,4,5),(165,'Assume black maintain',115,'2022-12-03',71.5,83374574,360496939,17666,2,5,2,5),(166,'Car rule',154,'2005-05-02',98.7,104978526,601084783,5961,5,5,5,1),(167,'Bit little',171,'1998-05-08',20.3,167043818,592838648,14498,5,5,5,1),(168,'Decision she',112,'2015-07-18',10.1,124205900,581664784,869,9,5,5,1),(169,'Later third',127,'2017-10-05',49.1,84843270,237690695,27012,7,2,3,4),(170,'Almost agreement nice',108,'2004-04-17',56.9,163321615,347951440,18522,2,2,3,1),(171,'Town',93,'2007-06-17',33.9,19251894,218244984,22614,3,3,5,3),(172,'Again name',175,'2017-09-07',32.7,191902236,518518027,13883,4,1,1,2),(173,'Prepare tax',153,'2021-10-28',52.4,186269219,638538089,17374,1,4,4,3),(174,'Yourself professional',127,'2001-10-18',53.3,31568825,65634558,6923,7,1,5,3),(175,'Own game wonder left',118,'2012-07-09',50.4,88153935,297015614,23481,4,3,3,3),(176,'Behavior',100,'2005-01-16',70.3,198936107,523587682,4188,4,5,4,2),(177,'Animal',107,'2017-02-25',41.1,21889500,242572638,22393,7,2,2,1),(178,'Current',91,'2020-06-29',99.8,36006011,385952214,28383,7,4,5,5),(179,'Identify too program',150,'1996-09-20',69.4,26077319,432568361,23325,4,5,5,2),(180,'Feeling',146,'2014-08-09',80.6,42171753,499759642,25210,6,3,3,1),(181,'Suggest act',117,'2012-12-21',65,177460526,268808103,9565,6,3,2,3),(182,'Child very',165,'2024-06-01',33,137520707,458254184,16908,4,1,3,3),(183,'Somebody summer force',94,'2019-10-12',39.3,152361955,469818589,14943,2,4,3,1),(184,'Green claim',88,'2012-11-01',37.2,192829620,644142664,3098,9,5,5,2),(185,'Tough market newspaper group',98,'1999-08-01',26.7,125415540,289853820,1270,7,5,4,3),(186,'International dog',107,'2023-10-23',82.1,172285293,598146912,16825,8,1,3,4),(187,'Region',150,'2023-11-11',63.4,17314671,444571929,12584,6,4,3,4),(188,'Easy bag finish',178,'2011-04-21',59.2,154151302,555986193,21500,4,4,2,2),(189,'Health until rule',129,'2006-11-24',19.2,64191651,443871294,7611,5,2,5,1),(190,'Official fund',92,'1995-11-04',10.1,111940277,221219841,3718,8,4,3,1),(191,'Professional human cause million',127,'1998-05-02',97.9,133884027,354221666,11715,5,3,2,2),(192,'Low better',112,'2018-12-03',77.6,120837090,126070069,2559,4,1,3,2),(193,'Car Mrs',123,'2007-08-09',61,131527593,273662131,16556,5,1,3,3),(194,'We although',97,'2019-06-19',35,187446714,303439021,2808,6,1,3,2),(195,'Maybe sure',149,'2016-12-25',36.9,61412220,552044019,11249,1,5,4,3),(196,'Heart nature value',93,'2019-04-25',47.2,6394920,25394145,2436,7,3,5,5),(197,'Western ahead',133,'2007-08-11',73.7,85541170,426301266,12901,5,4,5,3),(198,'Purpose citizen',154,'2016-08-12',58.7,131238531,459359548,2114,3,4,3,4),(199,'Somebody enjoy tax be',153,'2011-09-24',43.2,21012548,191798689,16230,2,4,3,3),(200,'Production natural data',125,'2011-09-02',44.2,137649866,410752564,16125,1,2,4,4),(201,'Might natural TV staff',152,'2014-08-04',40.3,8887712,166871354,15425,9,5,3,5),(202,'Effort public mind',171,'2007-09-02',32.8,152892839,600983375,29127,6,4,5,3),(203,'Age effect',106,'2005-04-17',17.4,155517730,326850128,18398,9,2,2,5),(204,'Fill television',167,'2021-07-21',87.9,26246593,85224838,11586,7,4,1,4),(205,'Protect debate last',134,'2014-12-31',42,14600243,363917945,11065,6,4,1,5),(206,'Something end positive',171,'2014-09-23',47.5,120440241,244613361,5612,10,2,4,4),(207,'Leader his',113,'2017-11-20',10.5,175043729,303581544,6951,2,2,1,3),(208,'Sense include',107,'2012-04-21',76.9,39664411,59005018,27250,2,4,5,5),(209,'Point process bit',178,'2020-04-06',53,196400255,496926275,18275,10,4,1,4),(210,'Data world',115,'2013-09-24',92.6,96749156,189942215,14339,6,5,5,2),(211,'Toward page finally',89,'2013-04-17',40,155783766,309256866,19068,8,5,1,5),(212,'City consider different',119,'1996-07-02',85.7,44045389,283284042,2700,9,5,5,1),(213,'Ok discuss poor',117,'1996-12-04',81.8,140860712,408939706,16511,2,5,5,4),(214,'Discover beat',116,'2024-01-14',64.9,158432660,648967837,3336,4,5,3,1),(215,'Rather college she',133,'2019-10-16',91.1,154546038,388889024,24674,10,1,2,2),(216,'Dream minute song',162,'2012-01-09',61.4,38403787,182941876,11414,3,4,4,2),(217,'Charge like',125,'2007-07-07',65.6,92450097,325846556,16589,2,5,2,4),(218,'Region low mother',99,'2021-07-13',99.2,164871142,278472109,14163,6,4,5,3),(219,'Break within',162,'2018-05-14',74.8,89575824,322094642,23014,7,4,5,5),(220,'Ahead little create',121,'2002-08-14',64.6,176886380,323129117,9297,9,5,5,5),(221,'News customer',136,'2005-04-28',69.6,17028713,485629071,4920,3,3,4,4),(222,'Travel amount thing',144,'2004-09-25',29.3,152298782,610201620,19317,6,5,5,5),(223,'Determine woman',159,'2013-08-12',57.6,172575935,572132934,20749,9,1,5,2),(224,'Expect idea his',107,'2011-03-04',70,88883462,163205409,14905,2,3,4,3),(225,'Two read campaign',142,'2001-10-09',68.6,25529368,290772577,14196,5,4,5,5),(226,'Scientist simple',148,'2015-02-02',57.2,179929570,223529922,3817,1,1,4,2),(227,'Bed stop until yeah',131,'2025-05-27',25.5,182508528,394192520,6726,10,4,3,5),(228,'Article rich',84,'1998-07-17',44.4,87054783,309706001,12520,7,3,2,5),(229,'Political beautiful',98,'2023-01-10',39.4,185130034,291361478,17335,9,3,3,5),(230,'Hope along',141,'2000-10-15',22.6,160549196,342952090,1771,10,4,3,3),(231,'Player',93,'2006-12-20',48,30053602,272551104,27834,4,1,5,5),(232,'Make blue top challenge',119,'2010-03-20',49,81581865,307961782,11964,8,4,3,3),(233,'Brother specific',151,'2000-10-19',96.1,109816789,608385941,19202,7,1,4,4),(234,'Room free',102,'2008-03-23',12.5,52914467,410491069,28128,1,3,5,5),(235,'Last account pull',104,'2023-01-29',58.3,83757464,470690405,23936,1,1,4,1),(236,'Action night',156,'2017-10-27',33.7,67535079,339092752,25381,10,4,5,1),(237,'Read ready',114,'2015-11-30',70.3,150721178,225065242,13658,2,3,2,1),(238,'Condition magazine',178,'2020-02-24',42,137091587,408288314,10170,4,5,1,4),(239,'Fall reach',161,'1996-09-29',79.1,138034220,511926493,25956,9,2,2,5),(240,'Eye rule',102,'2002-03-04',50.4,156706906,497610251,797,4,4,5,3),(241,'Surface do',179,'2016-04-18',18.8,127330672,597111591,24702,3,1,5,5),(242,'Test maybe color six',155,'2001-12-21',85.8,75386376,478046066,8357,6,3,4,2),(243,'Culture',131,'1999-03-08',11.2,154227481,591940973,13886,5,4,5,4),(244,'Central talk admit',94,'2009-09-01',63.2,121431740,186762713,24587,10,4,2,4),(245,'Why either',136,'2004-12-09',32.4,94851601,514697980,23938,6,2,1,2),(246,'Like ok',95,'2000-09-05',63.9,49925322,460858890,14932,4,1,4,5),(247,'Season food return if',146,'2010-08-05',73.3,165261011,461894520,17730,5,4,2,1),(248,'Wife want',162,'2007-07-02',36.5,123258757,179097402,25073,5,1,3,2),(249,'Yes program',100,'2017-04-09',87.4,140474471,323807335,1405,2,3,3,5),(250,'Themselves easy another',93,'2013-07-15',33.6,132128832,246984091,1215,4,2,1,4),(251,'Challenge be',113,'2015-09-07',50.5,138420319,454609215,20368,1,5,3,3),(252,'Environmental',149,'2008-04-22',65.2,17315554,397504015,19314,10,4,1,2),(253,'Yeah',81,'2006-04-11',55.7,17699884,20827889,17797,1,4,3,4),(254,'Operation girl recently feeling',126,'2022-06-23',18.8,11883579,451994964,13391,2,5,4,1),(255,'Fire arrive',160,'2020-03-20',30.9,158961353,551007385,16969,9,5,3,1),(256,'Hold fear',153,'2017-02-01',38.7,48719659,497820166,4345,7,4,1,1),(257,'Treat change account',142,'2024-10-27',67.5,115491707,121742003,26210,6,1,5,2),(258,'Too heavy',123,'2004-09-11',64.2,14522211,179446467,28877,2,4,1,3),(259,'Ground yeah',134,'2014-10-21',57.4,111647012,125454427,8873,9,5,2,1),(260,'Admit enter main',147,'1997-08-03',32.3,176788367,267090097,29668,10,2,4,1),(261,'Race',107,'2002-12-15',94.4,143203774,417518875,20852,1,3,4,4),(262,'House list important',83,'2017-06-13',84.9,96826195,217833030,11941,5,3,5,5),(263,'It room price',132,'2000-12-13',90.9,160451561,443916116,1329,3,5,5,4),(264,'Size',178,'2003-10-27',50.3,129719049,519446280,24810,2,4,5,5),(265,'Strong small same buy',148,'2004-05-07',84.7,96060764,589822350,17554,3,5,2,4),(266,'This quality sound action',83,'1997-07-14',25,50898341,110692577,16329,2,2,2,3),(267,'Example eye',108,'2004-09-27',96.2,181127448,656074035,1180,9,3,4,4),(268,'Message once quite',171,'2006-02-25',52.1,91018545,517627193,184,9,2,2,2),(269,'Significant professor or',105,'2012-07-29',67.4,181266941,385572538,1791,9,4,4,2),(270,'These war instead',112,'2006-11-17',68.8,74777540,162544275,27373,4,4,2,4),(271,'Model get',165,'2021-08-27',26.3,51204421,155001111,13842,4,5,4,2),(272,'Figure player product',111,'2014-03-13',28.3,185797253,553533971,6997,4,4,1,5),(273,'Office position ahead',116,'2018-08-03',94.4,160718251,374546283,27651,5,5,1,5),(274,'Enter business',148,'2013-01-23',48.2,130404773,503522332,26504,2,3,5,2),(275,'Think lawyer team',106,'2009-10-20',75.4,83819191,461907566,18883,9,1,3,5),(276,'Information ok',108,'2025-01-18',81.6,6920376,9170483,22833,10,4,3,1),(277,'Contain night similar',109,'2016-02-02',55.2,6447301,290892076,5342,6,5,1,3),(278,'Former strong too',83,'2022-01-18',46.1,33231259,164302169,27633,3,2,5,1),(279,'Join wait work',112,'2002-04-29',99,177354120,666050913,27711,5,5,3,3),(280,'President keep camera',149,'2013-05-18',71.8,189097937,684765039,15451,3,2,3,5),(281,'Lead star begin house',122,'2003-08-17',43.5,60457395,150629979,21065,3,1,1,3),(282,'Ok of',93,'1996-03-02',25.8,98018058,131103235,16273,5,3,1,4),(283,'Shake force',158,'2004-10-28',39.3,135366508,359800620,1903,6,3,3,5),(284,'Wife get',162,'2003-07-11',87.9,21592146,218696501,24243,7,2,4,1),(285,'With six do',105,'2000-12-27',49.5,10457554,251541085,15114,6,5,4,3),(286,'Training arrive green',102,'2002-09-06',50.5,7903615,455649939,7911,6,1,1,5),(287,'Cover painting',163,'2021-06-30',35.4,52463914,133128790,25627,9,2,2,4),(288,'Find professor',107,'2013-07-09',16.7,90515898,258136402,4945,8,3,4,4),(289,'Bag soldier point',123,'2017-12-13',55.8,185845426,615879558,23766,7,3,3,5),(290,'Morning me hospital',154,'2006-02-19',67,79114148,320076913,1534,1,4,4,2),(291,'Energy full game',175,'2013-06-04',86.4,56730907,164501448,14545,2,4,5,3),(292,'Environmental film consider',84,'2020-01-16',93.8,17411296,142310022,9089,4,1,5,3),(293,'Bar admit knowledge',135,'2013-05-16',35.1,73724643,453265691,14864,3,2,1,4),(294,'Effort value',143,'2016-01-30',47.2,143039308,241902032,19632,5,4,5,1),(295,'Some left help',99,'2019-02-28',62.2,130472222,621538649,1562,2,2,5,1),(296,'Available town action',110,'2012-06-09',54.8,94492288,530380886,8845,5,4,1,4),(297,'Get shoulder treat',134,'2018-02-12',64.9,193753113,551065564,11356,8,3,2,4),(298,'On moment later',123,'2022-01-16',27.6,40079090,252187113,18034,7,1,3,1),(299,'Far wrong language',116,'2001-05-28',76.5,19883648,24224451,9948,9,5,5,2),(300,'Summer sister night',89,'2020-03-03',63.6,176061482,536240457,6724,2,2,5,1),(301,'Theory',159,'2025-04-16',55,46773556,441161928,5222,7,2,4,2),(302,'Can believe glass under',100,'2023-03-25',42.3,38399334,287984225,2248,1,1,3,2),(303,'Century may war nature',158,'2010-02-13',61.7,123605068,524438460,2758,8,1,3,3),(304,'Process once',169,'2003-12-30',62.2,106319017,552465432,1890,3,1,4,4),(305,'Early what artist',99,'2020-03-23',50.9,29039776,240197493,2375,10,3,4,1),(306,'Former commercial without',156,'2015-01-13',26.3,74059687,367422662,21139,8,1,3,5),(307,'Production less just',89,'2021-11-22',73.2,48480773,87419935,25436,10,4,5,2),(308,'Always become',180,'2007-11-11',12.2,71114660,439259975,5435,1,2,4,1),(309,'Player arm',150,'2007-04-21',27.5,46594791,220776821,6254,9,5,3,1),(310,'Task main wrong',105,'2000-07-11',35.7,21763579,131699442,7071,7,5,3,5),(311,'Professor class dinner',131,'2024-02-25',77.2,157613664,325869084,28483,9,3,4,1),(312,'Seem',177,'2004-03-18',33.1,15376806,114210349,26986,6,2,1,2),(313,'Customer often',180,'2010-01-31',33.8,166704058,634161226,15244,9,4,2,2),(314,'Film whole',143,'2005-04-27',70.2,62157554,550963575,11577,10,1,3,2),(315,'Almost kid scene',134,'1996-04-09',46.3,166724806,580351053,19270,8,3,2,2),(316,'Election local',127,'2021-07-04',62.1,29045941,262846383,25426,5,4,4,3),(317,'Purpose certain effort',93,'1998-07-22',31.1,114830756,257974589,24963,9,3,3,5),(318,'Job bring win',125,'2004-10-24',82.8,122622116,203555984,21415,10,5,1,1),(319,'Late likely fish',141,'2006-01-17',78.5,66052668,442323759,29966,9,2,3,1),(320,'Culture almost',151,'2021-08-08',80.1,58867684,117685724,6041,8,3,3,5),(321,'Party relate',114,'2003-11-15',98.7,97858590,336835916,4811,8,4,2,5),(322,'Civil',82,'2012-11-30',56.2,176618783,345645876,23605,3,3,3,3),(323,'Establish environment',99,'2006-03-02',48.1,124648467,610840852,14083,4,4,4,2),(324,'Forward goal character',139,'1998-05-06',82.5,94262867,320885407,27122,5,3,4,4),(325,'Left',152,'1995-08-13',87.2,33823803,490493116,16425,5,1,2,5),(326,'Her common',146,'2013-06-13',57.3,59925998,182269476,12192,6,3,2,5),(327,'If worry',136,'2022-03-19',25.8,157883602,205477779,27000,10,2,4,1),(328,'Big professor begin',85,'2011-04-17',19.7,198918853,440904512,14061,3,1,3,5),(329,'Memory foreign young',106,'2004-12-09',12.3,43348972,149585684,24284,9,4,1,2),(330,'Author window none',168,'2019-03-29',95.2,8017957,312741941,14812,4,1,5,1),(331,'Policy herself',127,'2024-01-07',36,39761024,273020241,14899,7,5,4,2),(332,'Letter guy though',110,'2025-04-21',40.7,189010167,326561905,4618,5,2,2,4),(333,'Professor let',142,'2023-06-14',50.5,164574854,622301007,15226,9,2,5,4),(334,'Until personal',157,'1999-04-15',98.2,110531794,427080542,14352,8,4,1,3),(335,'The',84,'2016-01-03',51.4,151756022,252194863,9091,2,2,2,4),(336,'Eye travel use',166,'2003-10-01',94.1,165175582,581290593,5647,3,1,3,4),(337,'Five section',129,'2023-12-04',65.6,106568854,162097426,11619,9,5,2,4),(338,'Party civil blue though',115,'2024-11-21',50.4,49447260,127175247,20669,3,1,2,5),(339,'Indeed even nor major',109,'2003-07-10',19.1,114899951,483564228,13232,5,1,3,3),(340,'Federal the',128,'2017-04-06',37.6,59245519,213844848,9044,2,1,4,1),(341,'Participant color responsibility',120,'2008-02-08',43.4,36082481,408030636,27648,10,5,1,5),(342,'At child',112,'2001-12-22',82.7,98966016,126312535,10920,8,2,3,5),(343,'Although senior',177,'2024-12-12',48,29327124,121646708,3622,5,2,1,4),(344,'Which hundred',159,'2025-02-07',46.2,7612841,61029644,7622,3,4,3,4),(345,'Well level line system',83,'2017-11-21',91,138443914,594674189,1373,2,5,4,1),(346,'Whole amount kid',92,'2013-09-09',57.7,157380556,475305075,19863,10,4,4,1),(347,'Relate threat read change',89,'2014-12-05',33.3,89190250,424642857,4969,1,5,3,5),(348,'Simply',115,'2003-01-07',67.6,106469749,489552442,27864,9,3,4,5),(349,'Watch agreement',98,'2019-06-27',34.8,88441725,470708749,6638,4,1,5,3),(350,'Improve always',125,'2009-06-18',90.2,46150191,220088715,26331,5,2,5,4),(351,'Usually threat',112,'1996-11-18',43.7,28095162,209631606,22087,2,2,4,5),(352,'Country benefit care outside',158,'2022-03-07',65.6,68674173,135718155,3206,2,4,2,1),(353,'Not term',138,'2024-11-29',69.1,128026069,395983587,16877,2,1,4,4),(354,'Respond where quality capital',143,'1998-10-19',94.8,133588078,436887133,15335,8,1,1,1),(355,'Star necessary authority',175,'2014-11-07',72.8,166407478,180826278,28706,6,1,5,5),(356,'War media exactly',153,'1996-12-13',37.9,11147793,321202950,8947,7,4,2,4),(357,'Bag thousand such page',80,'2006-11-07',32.7,141055788,419450519,28115,2,4,3,5),(358,'Sort try within',91,'2007-07-26',55.8,85838691,513526498,26012,7,1,3,4),(359,'Exist worry',111,'2005-10-17',62.4,14097544,154375473,2489,10,1,1,5),(360,'Region another land',151,'2022-10-13',48.5,18439366,260922663,21558,9,4,2,5),(361,'Visit',127,'2014-04-08',41.9,95509889,457631626,27053,3,4,5,3),(362,'Perform look hair',178,'1996-12-07',80.1,31245493,230527396,14256,2,3,5,1),(363,'More paper',108,'2019-06-04',27,175012047,297762716,11857,4,2,2,2),(364,'Eight race worry',154,'2010-11-22',24.3,132792689,465203863,2581,2,2,4,1),(365,'Fund',162,'2024-01-15',69.9,163453327,615428274,24998,4,4,3,2),(366,'Medical half third month',121,'2021-01-21',68.6,29867380,487030177,23978,8,1,4,3),(367,'Cold hope off might',120,'2022-08-09',83.8,196920817,497085358,1127,8,4,2,4),(368,'Both federal',148,'2021-05-02',13.6,114922862,388162074,1879,8,3,5,1),(369,'Serious doctor something',156,'2023-12-18',70.2,90125439,478736930,5405,8,5,3,2),(370,'General court speak',160,'2019-05-09',48.1,25889804,28904964,11385,5,2,5,4),(371,'Fight campaign no',101,'2017-08-19',92.4,115647291,147464362,25344,9,4,5,1),(372,'Film down enter',154,'2018-11-18',70.4,10279799,475279115,790,2,4,3,1),(373,'Last performance strategy',146,'2019-02-13',18.2,96687044,324868605,28875,10,4,3,3),(374,'Friend first',125,'2003-01-03',86,82044316,287486065,24242,7,1,5,2),(375,'Mission long poor',158,'2013-02-24',80.1,167329668,222000695,7592,9,1,1,2),(376,'Majority approach agree high',107,'2006-06-30',76.6,114415194,385799321,7049,10,1,3,5),(377,'Simple perhaps sort law',83,'1996-07-17',44.6,162028816,172996494,1846,9,4,1,4),(378,'Economic fund',140,'2023-03-06',82.9,163292911,296290142,16702,8,5,1,3),(379,'Step against scientist',132,'1996-03-18',86.1,175991202,553374835,10462,10,4,4,4),(380,'Before side real choose',118,'2016-10-19',30,169786677,278389415,29857,9,1,1,1),(381,'Bag candidate',82,'2006-02-06',42.5,19463061,32443296,5350,6,1,2,4),(382,'Near building voice',101,'2017-12-05',37.5,184070422,580161038,6655,7,5,1,5),(383,'Participant where simply care',166,'2020-07-14',17.2,189358104,540459848,12181,6,1,4,1),(384,'Network eat wrong',106,'2018-08-21',23.7,10903985,267477021,21676,6,3,5,5),(385,'Rather',148,'2006-11-25',40.1,59838359,502666294,21577,3,3,5,1),(386,'Huge from',161,'2001-10-04',78.5,132013762,297386287,10947,10,5,3,5),(387,'Career she sort',116,'2014-07-25',38.6,137092803,595222967,9055,10,2,1,2),(388,'Mean involve',173,'2003-04-27',47.8,164793962,199639418,28664,9,1,2,1),(389,'Simply this us',129,'2006-05-26',13.8,40733180,64413599,14376,10,4,4,1),(390,'Business base',119,'1996-04-12',60.8,153017421,173175344,2396,7,3,1,4),(391,'Knowledge around so',168,'2024-06-17',34.5,104354043,107246813,8332,4,2,4,3),(392,'Consider others sometimes',150,'2017-08-20',64.1,136214471,307723271,23210,10,4,2,2),(393,'Rate catch',110,'1997-10-12',38.3,112254343,289527263,19405,3,1,1,5),(394,'Technology month',93,'2025-01-24',81.6,153828986,579006026,6288,4,4,4,3),(395,'Writer prevent',156,'1999-07-25',45.7,93641713,460983890,14107,10,1,1,5),(396,'Treatment ready former moment',88,'2007-12-28',78.1,121013051,296187974,7707,8,1,3,5),(397,'Peace clear theory',108,'2025-04-23',66,142632568,352272335,18546,10,1,5,4),(398,'Seven help',88,'1997-10-13',86.8,89108612,177605347,1348,1,4,3,2),(399,'Company nearly',103,'2008-06-24',24.6,194301590,415663664,19359,3,5,4,2),(400,'Medical build',150,'1995-07-20',14.5,20316371,388153075,19254,7,2,5,3),(401,'Strong finally stay management',97,'2014-06-27',93.4,135497359,415368843,25144,2,1,3,2),(402,'Source mother evening',134,'1995-08-14',98.3,13086542,300593242,14531,9,3,5,3),(403,'World talk',171,'2011-08-27',82.3,145603170,234952879,193,2,4,2,5),(404,'Television fire',156,'2015-09-25',92.5,152780805,502763642,19457,8,1,5,3),(405,'Sister clearly',136,'1998-09-28',43.4,86334936,556345428,26731,9,4,4,2),(406,'Exactly prevent one movement',92,'2013-08-27',87,115606058,380538446,1348,4,5,5,5),(407,'Edge enjoy',124,'2023-04-10',77,12915209,441483348,14582,8,3,5,5),(408,'Yet chair you',127,'2017-12-16',36.8,56154681,450491750,10474,8,3,5,3),(409,'Myself condition',151,'1996-01-10',16.1,197236000,465112045,27645,1,5,4,5),(410,'Community research go',144,'1999-01-03',60.2,126133224,181025929,5227,5,4,5,4),(411,'Fill report brother',118,'1997-08-22',88.1,168740151,568073368,19332,7,5,1,5),(412,'Soon hit',165,'2024-08-09',28.3,12521334,506535760,10276,9,4,1,5),(413,'Last tree can',162,'1996-02-21',35.3,20224484,78597988,11319,10,4,5,2),(414,'Pay customer',83,'2010-06-28',35.2,105203558,236648971,5937,1,4,1,2),(415,'Democrat young open',90,'2011-02-06',76.8,23654158,378673477,13335,7,4,1,3),(416,'Those away center',132,'2005-05-29',39.6,116410814,266613265,16625,6,5,5,3),(417,'Run research',138,'2006-05-17',38.8,36826163,267368278,24901,1,5,5,1),(418,'Boy international argue answer',135,'2022-01-24',60.4,168267002,388887831,11497,4,4,5,2),(419,'Analysis want once',140,'2009-08-15',54.4,21816674,304901443,3394,7,2,2,4),(420,'Matter professional',138,'2016-01-26',80.5,143912059,387683993,7562,7,4,3,5),(421,'Can yes',143,'2009-08-09',38.3,60549082,260454931,9635,1,3,1,4),(422,'Account rich',179,'2006-10-21',21.3,145805404,572158011,14417,2,1,5,3),(423,'Production we',160,'2008-03-07',22.8,27052729,295887976,4030,9,4,5,5),(424,'Box strategy',103,'2018-12-25',46,182717823,587825127,4477,7,2,3,5),(425,'Success admit',126,'2019-08-14',86.8,17490608,257862123,16038,8,5,3,3),(426,'Six arrive least',115,'2024-10-29',65.5,167455492,279475128,20982,3,3,4,2),(427,'Without table central',122,'1996-12-15',61.7,183655653,665956902,26743,7,1,4,1),(428,'Time game',156,'2009-08-17',50.4,40250726,263096075,17715,2,3,3,3),(429,'Task than',173,'2020-11-24',57.3,148743486,524568803,29187,4,5,2,2),(430,'Then should however',90,'2014-08-11',77.5,197887725,373236368,28081,3,1,3,1),(431,'Dog live',155,'1996-01-27',10.3,99788947,147637700,10033,6,1,2,2),(432,'Table war',107,'2004-08-11',13.7,118668417,213095698,23911,6,4,4,5),(433,'Notice prepare let',133,'2018-04-10',21.2,65733240,495513637,28208,9,4,3,5),(434,'Its individual Congress',175,'1995-09-30',79.7,53705858,139993010,17126,5,5,5,1),(435,'While ability',107,'2011-01-02',58.9,23147045,418235889,17101,10,4,1,3),(436,'Debate forget election',178,'2015-05-02',58.3,43365982,465040298,6835,1,2,1,5),(437,'Change society reality Congress',89,'2018-03-26',22.9,43040822,239123078,28312,7,2,3,3),(438,'Shake',165,'2013-04-18',75.9,62066548,173802295,26344,1,5,2,2),(439,'Thought rock',141,'2019-12-31',23.7,21217082,475570488,27360,3,2,1,2),(440,'Well set',137,'2012-09-18',62.4,178690156,204784569,12087,7,5,4,4),(441,'Every these',104,'2017-05-13',54.3,196344003,642363290,19998,3,3,5,5),(442,'Indicate glass',124,'2010-04-16',24.1,160017000,518366536,26492,9,2,2,3),(443,'Suddenly ready senior',93,'2005-06-29',88.2,194208926,561517262,18108,7,4,3,2),(444,'Through south become',168,'2000-11-09',82.8,59989789,294310005,12944,5,4,1,3),(445,'Always case',97,'2003-11-23',94.6,50011055,68821388,8289,9,5,5,2),(446,'Analysis change ask',152,'2002-05-15',63.3,180328729,552448589,22361,7,1,3,4),(447,'West notice',151,'1997-07-31',33.7,12123844,296757269,25066,2,3,3,1),(448,'Decade identify hair',154,'2014-09-29',83.3,103674261,342851329,14228,5,2,4,2),(449,'Machine throughout',106,'2011-11-15',49.1,188847835,355947735,23595,3,2,2,4),(450,'Yeah property their',175,'1997-09-19',28.4,192009413,606611311,11950,6,5,4,3),(451,'Often',118,'2004-02-26',98.1,57914258,183552015,25778,3,2,5,5),(452,'Partner evidence',85,'1997-11-25',16.5,144479363,609333596,9095,2,4,5,3),(453,'Picture traditional',152,'2018-05-15',95.5,16297806,507624671,1414,9,5,2,5),(454,'Question language foot',136,'1996-12-14',18.1,15427211,285100971,28995,1,4,5,2),(455,'Land current',138,'2000-07-05',55.5,76061070,445708234,579,8,4,2,3),(456,'Tv plan theory statement',154,'2012-12-21',80.5,124559994,361820691,21634,9,2,4,1),(457,'Seat loss',133,'2024-12-10',50,47990145,336561971,8111,2,3,5,4),(458,'Well natural stay',119,'2012-05-02',69.2,7605976,493079946,9353,5,3,5,2),(459,'Everybody so',129,'2011-03-27',97.6,47685780,139123002,6499,6,1,2,1),(460,'Environmental tell',128,'2016-05-14',94.1,169517400,360196895,8126,7,5,1,5),(461,'Art world drug',107,'1997-02-26',12.7,148773005,505359043,20541,3,5,4,3),(462,'Wear claim measure',89,'2022-12-08',32.7,60712077,278572964,24761,7,4,4,5),(463,'Participant until',170,'2005-11-22',17.8,111454002,165800488,3482,3,5,2,3),(464,'Film language',157,'2000-09-01',13.3,88996797,558865829,5385,10,5,4,1),(465,'Sense employee',91,'2001-08-12',25.3,39610873,354109258,20634,9,4,5,4),(466,'Data firm yet',122,'2001-06-07',73.5,66393107,166019338,1040,9,2,4,4),(467,'Feeling song exist',144,'2014-12-10',89.5,65024578,130167276,119,9,1,4,4),(468,'Carry present',99,'2012-05-24',46.8,18385503,368772881,26196,3,1,5,4),(469,'But concern',99,'2002-07-31',28.1,127513495,460092393,23011,5,1,1,2),(470,'Discuss Republican',148,'2022-09-01',32.7,112207617,281806985,1542,1,1,2,5),(471,'Rich',153,'2007-10-10',97.8,174418156,487390938,9008,5,5,1,2),(472,'Down would kitchen',82,'1999-12-24',54.5,138223358,629103783,27216,4,4,1,3),(473,'From compare',154,'1998-12-21',78.2,162506546,382882470,15896,2,5,1,1),(474,'Gun dark',144,'2024-11-04',63.4,97063636,570593068,24488,8,4,2,2),(475,'Itself job change care',96,'2008-02-12',95.6,12960257,423202754,1782,6,1,4,5),(476,'Law author public receive',119,'2002-02-16',21.5,77559607,285710853,11992,7,4,3,2),(477,'Mention interesting',133,'2024-11-24',29.6,124760964,259736342,19937,3,2,3,3),(478,'Knowledge kind',112,'1999-04-21',80.3,141122633,452430230,9540,10,3,3,4),(479,'He important fear',128,'2013-04-28',76.2,23542823,511513884,19406,6,5,5,2),(480,'Say scene nor',175,'2016-05-10',44.6,149985140,360251809,28725,8,1,1,3),(481,'Law these reach',163,'2001-12-04',34.4,99070566,380272160,17240,7,1,4,1),(482,'Impact issue art',124,'2015-04-09',42.8,107458535,233801865,24384,1,5,3,4),(483,'Watch service line',108,'1995-08-03',17,94776468,104958445,3020,1,1,1,4),(484,'Top listen',175,'2003-09-14',37.8,192863243,278129290,10468,1,5,5,4),(485,'Here group among stock',148,'2008-12-04',21.2,33943970,210929168,5659,4,1,4,1),(486,'Whether age since',101,'2005-05-24',37.6,166241080,495744840,9476,7,4,4,5),(487,'Soon dark traditional',126,'2016-08-13',61.5,50124922,228108754,20460,4,2,5,5),(488,'Event wind',114,'2024-11-29',80.4,116439295,410533760,20411,7,3,1,2),(489,'Bed far',91,'2008-06-17',67.4,20226613,62259943,2767,1,4,4,4),(490,'Prevent quality',117,'2012-03-28',41,102287380,187018356,3157,4,4,4,2),(491,'Conference else',89,'2006-06-29',12.2,73604521,448450171,24526,8,1,5,1),(492,'Suddenly represent want',168,'2016-08-25',95.2,147028301,554451108,25337,8,5,3,4),(493,'Man skill',128,'2002-10-04',36.8,44934238,67626077,20500,10,4,1,3),(494,'Letter phone guy beautiful',128,'2018-07-15',26.4,132777278,250912164,23808,4,5,4,3),(495,'Opportunity set page',151,'2017-08-04',20.8,135778276,623931834,15721,8,4,5,1),(496,'Mrs I control',165,'2012-01-23',97.3,55268008,206786425,21170,1,2,3,2),(497,'Detail mind yes',116,'2019-11-26',15.5,83802248,209263946,28442,5,3,4,5),(498,'Place write entire from',130,'2024-06-06',54.1,83441760,523522113,3698,6,3,4,2),(499,'Congress each',92,'2001-05-07',89,163104517,549626470,27476,6,5,3,4),(500,'Protect management',124,'2003-03-14',93.8,71901185,233099718,12072,9,4,3,1),(501,'Recently become',128,'2013-02-13',65.6,198230871,252555876,22880,1,3,2,1),(502,'Look lay fish',134,'2003-04-03',35.5,105497330,325116125,20950,1,1,5,4),(503,'Build require',84,'2002-03-23',96.2,84821405,236692687,16856,10,1,2,2),(504,'Education another tonight',109,'1999-05-10',42.5,91099334,362988984,1292,7,5,1,5),(505,'Time view capital',128,'2008-12-11',80.7,171012691,403178960,26830,2,1,5,2),(506,'Others central determine',105,'2005-01-19',37.3,9874393,376718825,8429,5,3,5,4),(507,'Statement leave time',106,'2020-03-20',26.1,128611361,210647049,1599,5,2,2,2),(508,'Write like',171,'1998-03-14',34.7,188376990,385616941,14567,4,2,3,2),(509,'Off no part',111,'2010-05-14',93.8,52854632,215724120,5242,10,3,1,1),(510,'Clearly career bank',112,'2024-05-22',41.1,61742206,510522704,11272,5,5,4,5),(511,'How college may',178,'2012-02-29',89.1,69703959,271010907,15801,2,3,3,4),(512,'Result among',142,'2000-02-21',63.9,191594967,298352558,18940,8,1,5,2),(513,'Happy lot director',143,'2010-02-16',36.6,164208420,494511427,23516,9,4,4,3),(514,'Five this hospital',126,'2021-07-30',21.3,157981201,580094923,11578,2,4,1,1),(515,'Chair if',153,'2005-10-26',66.2,31295582,133593896,14853,5,1,1,1),(516,'Around so',113,'2025-03-05',15,75504461,446863868,10415,7,4,3,5),(517,'Small campaign',110,'2007-12-05',71.8,52559962,60428254,5355,5,4,2,3),(518,'Should charge',142,'2006-06-14',41.9,161599853,414458278,13494,3,2,5,2),(519,'Green better prepare',100,'2008-11-29',49.7,115734556,228658879,12269,3,3,5,4),(520,'Create challenge hot',116,'2008-08-31',92.6,5383833,97620873,25439,8,3,5,4),(521,'Leave',135,'1999-05-14',28.5,39721716,411813095,17522,3,4,4,2),(522,'Benefit purpose sport',112,'1995-12-30',46.2,114875130,123459713,9110,9,5,2,1),(523,'Watch firm',105,'1997-01-30',43.7,160711595,659653206,364,6,2,1,1),(524,'Ten budget leave',144,'2012-12-09',56.9,175985701,221022301,28008,5,3,3,1),(525,'Board lay',126,'2022-11-01',76.9,91558719,475365376,19862,5,4,3,1),(526,'Water marriage dream',120,'2019-11-24',91.8,66068564,230101168,18004,6,5,3,5),(527,'Spring stop later',148,'2009-07-09',18.4,172540797,304316019,25028,1,5,3,2),(528,'Next election reach',169,'2015-01-05',20.3,93971363,524017344,6327,10,3,4,1),(529,'May their water',162,'2021-11-23',11,42002996,175559417,15599,3,2,4,2),(530,'Usually teacher',151,'2005-01-04',64.6,155713159,454189569,2420,5,4,4,4),(531,'Recognize agreement',91,'2019-03-08',93.8,109357728,592284769,13148,1,4,2,3),(532,'Close',110,'2003-10-03',37.2,57405130,113380347,15200,6,4,2,5),(533,'Mind whose',127,'2004-05-23',63.8,57971118,106311257,14323,6,5,4,5),(534,'Wish seat gun',180,'2009-11-16',25.8,24188028,449142313,12436,2,4,1,1),(535,'Tree show able event',156,'2006-05-19',81.4,88062109,410580030,10356,5,5,2,4),(536,'Eight mother three',164,'2002-12-27',13.2,108378044,331069415,26984,8,4,5,2),(537,'International director nice',166,'2014-05-09',16.7,28962629,108549634,25170,1,4,1,4),(538,'College guy international',137,'2006-01-27',49,189842352,371810904,21334,1,4,2,5),(539,'Child morning major',173,'1998-10-15',85.7,87490629,231182642,7218,4,5,3,3),(540,'Trip follow decision',170,'1996-12-02',32.7,11660769,22769471,8868,3,4,3,2),(541,'Former radio',123,'2003-12-13',69.1,101586408,363015704,28589,3,2,3,4),(542,'Watch serious production',153,'2018-12-31',23.7,68420581,439893652,22940,4,4,4,2),(543,'Similar break clear',173,'2012-05-28',31,109292132,375040480,22712,7,1,5,5),(544,'Type hair pattern',164,'2001-01-11',45.3,85538363,212548597,8678,8,1,4,2),(545,'Skill under cover',168,'2003-05-29',77.7,26657833,504235545,7265,4,5,4,5),(546,'Him sea theory',82,'2019-11-25',12.4,12739100,279910342,26297,8,5,3,2),(547,'Think reason',104,'1999-01-14',66.4,21123372,282035710,14684,5,2,5,5),(548,'Reach write remain',147,'2005-02-05',55.7,54248748,201602749,22883,8,3,5,1),(549,'Power laugh hotel',92,'2013-08-30',76.1,51429858,175155942,29119,9,1,5,4),(550,'Perform chair',111,'2004-10-24',38,26386155,436474237,15363,4,1,2,3),(551,'Discuss civil',168,'2016-07-13',30.1,182849628,333702907,2902,4,5,4,1),(552,'Collection direction need',97,'2011-02-26',32.2,85787627,206197223,3870,9,2,2,5),(553,'Work across',97,'2021-07-07',81.7,132603247,529292381,18765,6,4,2,5),(554,'Believe away',130,'2023-04-03',22.8,102054479,373771927,25886,7,3,4,1),(555,'Them material',141,'2021-09-12',87.4,14902432,321984349,19706,1,5,1,4),(556,'Maintain',136,'2004-04-19',77.6,15917339,269139991,2113,9,3,2,3),(557,'What your policy responsibility',168,'2014-06-06',89.8,137042729,508768245,7764,9,3,3,3),(558,'Toward father',87,'2004-07-12',80.9,46521506,385497149,11712,7,2,5,2),(559,'Entire perhaps family',115,'2000-04-17',87.3,98621706,391927091,19127,10,5,4,4),(560,'Born camera',135,'2017-03-30',86,40944601,526250733,29833,5,1,2,1),(561,'Color argue view then',116,'2019-03-20',42.1,46198338,299583937,17541,4,2,2,2),(562,'Research strong father name',96,'2000-06-24',94.7,11840398,437568446,12179,5,4,1,4),(563,'Citizen whether southern',124,'2010-09-18',69.6,46049660,189292011,15093,6,3,2,4),(564,'Country attorney exactly',153,'2000-07-05',26.4,160640416,191352487,14083,4,2,2,1),(565,'Realize site short billion',133,'2017-02-28',91.2,56462058,302529054,22774,5,1,4,3),(566,'Future strong',89,'1997-12-25',35.8,148688238,277298984,22709,5,3,1,5),(567,'Firm kid',101,'1999-01-21',67.1,84288297,557846118,16237,1,2,5,3),(568,'Out wear piece',102,'1999-08-31',67,140386579,587071561,12577,9,5,4,1),(569,'Think business',94,'2024-03-14',55.9,108647010,577440413,12664,9,5,1,2),(570,'Traditional',83,'2014-08-22',51.5,82970534,176791513,16920,7,2,4,4),(571,'Consumer three',138,'1999-08-10',67.4,133567013,317417267,1528,7,2,3,1),(572,'Wind benefit',162,'2001-12-04',48.3,178796079,548869500,8189,2,3,4,1),(573,'Can issue',158,'2014-08-08',20.3,110746453,558306454,14772,8,5,4,4),(574,'Board rather right',165,'2025-04-25',54.8,128831300,138456593,29401,2,2,3,3),(575,'Trouble film blood',110,'2010-08-06',85.4,60458952,205448603,7663,1,2,5,1),(576,'Challenge past hotel',88,'2017-03-18',45.7,59252003,334512534,9108,4,3,5,2),(577,'Sound specific this serious',177,'2002-03-25',10.1,152528977,195442660,14048,10,5,1,5),(578,'Force push garden',136,'1997-12-08',68.5,24653839,270462547,29033,2,4,1,5),(579,'Give someone',106,'2022-10-24',23.5,89441997,165240978,3723,3,5,5,3),(580,'Water physical year power',99,'1998-09-09',64,175720877,521320991,19281,5,5,1,5),(581,'Outside consumer',153,'2000-05-22',16.1,47131812,79568369,15897,7,3,2,4),(582,'Away court everyone',143,'2017-12-11',64.7,92507368,444060585,17545,9,3,1,1),(583,'Politics pretty often',152,'1998-06-08',20.2,17775849,67483309,25828,7,4,5,3),(584,'Yard month pay today',176,'2025-03-25',60.6,150234289,506408370,12225,8,3,4,2),(585,'Only guy sure',149,'2004-06-06',39.2,20212508,178883842,18568,1,2,5,5),(586,'Walk science',92,'1998-02-09',69.6,144301398,153144653,10213,9,1,1,5),(587,'Hot with analysis event',149,'2024-09-23',80.2,173095084,300104104,29633,2,3,1,4),(588,'Point sea plan',129,'2000-10-10',68.6,133313321,341345232,19641,1,1,4,3),(589,'Between policy',107,'1998-12-11',31.1,114062971,321202516,29819,8,4,1,2),(590,'Yeah middle',154,'2014-06-02',51.8,199621341,622024794,6163,7,5,4,1),(591,'Bank company',107,'2002-07-05',64.1,102410662,202639954,24069,4,3,4,1),(592,'Support nature station',82,'2013-10-07',39.4,106931008,386474919,7446,9,5,5,5),(593,'Congress health wind',176,'2005-08-13',44.2,24091177,487311543,25132,5,1,3,3),(594,'Ok popular bit',157,'2016-03-12',89.7,174842803,296473660,8618,8,5,1,5),(595,'Moment third similar',99,'2005-04-01',57.9,169562827,279662815,9041,6,3,4,1),(596,'Assume whatever get',155,'2024-08-08',18.9,76308234,176821565,1247,3,4,3,4),(597,'One prevent listen',134,'1999-11-01',24.2,164404416,543943280,17833,2,2,4,5),(598,'Investment perform forget cold',88,'2009-09-05',30.1,59906647,219249757,5779,1,4,4,5),(599,'Themselves size soon',91,'2006-05-04',88.9,36511179,446205182,14794,6,4,5,1),(600,'Time set',144,'2010-03-04',91.8,77692612,288461980,9336,9,3,4,3),(601,'Financial hand',128,'2005-10-17',43.4,71641650,299320510,29643,5,3,3,2),(602,'Time front including',176,'2017-06-26',83.2,21564848,458006087,19149,5,2,4,3),(603,'Hot some study',164,'2001-07-08',93.9,90578144,562146386,14304,7,5,4,1),(604,'Program get',84,'2009-02-24',81.5,137868335,402164618,16990,10,1,3,5),(605,'Sell over amount',149,'2006-12-04',36.9,28635276,35281806,600,6,4,4,2),(606,'Behavior ten table',118,'2004-05-26',39.5,94358763,141010370,9061,8,5,1,1),(607,'Either industry never',167,'2022-11-09',52.3,19117432,373285946,10532,4,5,1,3),(608,'Suggest dark particular deep',96,'2019-10-27',84.5,158171386,422987513,16319,6,4,5,5),(609,'Fine this she',179,'2010-08-10',45.1,184015415,326775778,21152,3,4,4,1),(610,'Should often reveal',161,'2020-11-29',64.9,83545160,546861047,24800,6,3,1,4),(611,'Check land city',98,'2015-04-18',80.9,24038752,362244396,27585,9,3,4,4),(612,'Good local reality',88,'2000-04-06',73.1,159068467,579289024,6827,2,5,4,1),(613,'Her PM quite',170,'2002-07-18',90.2,46736265,546152752,13962,1,4,2,5),(614,'Explain imagine require',88,'2011-09-29',97.4,21436483,415162988,11989,1,4,2,1),(615,'Rock fight',123,'2002-04-04',54.1,89941668,524850887,16048,4,1,5,4),(616,'Recognize sister level',158,'2022-01-11',52.4,31347750,480445169,16630,4,3,1,3),(617,'Range lead only',98,'2008-05-30',92.4,182225769,568571865,5522,1,1,4,4),(618,'Someone common sell',106,'2000-05-18',67.1,182064977,199816482,7783,7,4,3,2),(619,'Tv rise bad leave',152,'2002-05-02',24.6,40836037,99367537,11908,8,4,5,3),(620,'Ok',97,'2005-06-13',50,79583914,399662430,20475,6,5,2,5),(621,'Case',173,'1996-04-03',98.8,41566948,206564578,15568,5,3,4,5),(622,'Treat',143,'1996-11-27',77,135101634,137546728,25603,9,2,3,2),(623,'Recently surface take',155,'2014-07-18',43.7,155070697,540801003,20878,9,5,4,2),(624,'Business probably',88,'2017-04-10',89.1,122321795,230597687,1721,1,2,2,3),(625,'Our care Mrs',96,'2013-05-17',73,82782290,472724617,6311,2,1,2,1),(626,'Across thought',116,'2007-12-30',87.9,51255795,122996979,11978,9,5,4,4),(627,'Save dog whom',164,'2021-04-15',56.2,124367442,422125384,28012,10,3,1,4),(628,'Wear all herself',124,'2003-03-12',68.3,148991879,303453180,13762,7,1,3,1),(629,'Place woman',95,'2011-11-24',82.4,141277496,525659775,11248,3,5,2,5),(630,'Series catch card',111,'2023-01-28',75,85412561,220607198,10076,3,1,1,1),(631,'Actually stay',86,'2011-03-04',69.3,25761026,404835430,15788,8,3,1,3),(632,'Loss huge',89,'2016-02-09',27.7,16853211,415647652,20845,3,2,2,3),(633,'Store',159,'1997-07-04',11.6,37846649,120379289,20148,4,5,5,2),(634,'War land',90,'2013-10-07',16.3,75024747,392469722,23098,6,3,1,4),(635,'Artist watch',149,'2012-07-07',53.8,41463723,173502928,11703,1,1,2,5),(636,'You later',170,'1997-12-05',11.6,35259971,269343066,8627,3,2,2,4),(637,'Read give result',164,'2001-05-23',20.2,158374035,621911546,16452,9,4,3,3),(638,'Character ball material activity',126,'2009-06-06',29.6,192378571,437570789,993,1,3,5,1),(639,'Old over',157,'2004-08-02',66.6,36516033,130129312,4557,2,4,2,5),(640,'High TV hotel',178,'2023-06-02',39.4,39338519,180099165,13859,2,4,3,3),(641,'Fill',95,'2017-11-10',35.2,84149409,92477481,17508,6,2,2,1),(642,'But against nation',132,'2001-03-28',28.7,112915093,602417625,17971,10,4,1,4),(643,'Drug',94,'2015-08-04',58.9,10337745,424535790,9462,1,4,3,3),(644,'After take thank',152,'2001-02-01',65.9,114083356,210594900,2328,2,5,3,4),(645,'Experience throughout',138,'2004-07-12',64.9,179146200,576099745,9815,7,3,5,2),(646,'Keep act their',97,'2023-03-29',79.9,122875679,441891332,18214,8,1,2,2),(647,'Beautiful once note',97,'2022-08-08',66.2,171308790,408654665,28588,4,2,3,1),(648,'Sell already',127,'2006-01-23',47.3,144427769,338944534,29964,4,5,4,5),(649,'Though office wear',107,'1996-06-03',89.3,169334123,554671202,1334,3,4,4,4),(650,'Area huge coach',96,'2015-04-12',29.9,68731895,112430626,1178,6,4,4,1),(651,'Radio they bring',126,'2010-10-28',39.6,75395596,152051541,28685,7,2,1,2),(652,'Imagine old agent',139,'2005-01-23',89.7,171549885,320843267,12877,9,2,2,2),(653,'Such measure',108,'2020-07-22',51.4,51711738,84033109,24913,7,1,3,2),(654,'Will firm region',89,'2019-10-03',56.1,136509199,514460449,14435,10,5,5,2),(655,'Vote quickly',168,'2013-10-24',87,11848244,276286741,2382,8,3,3,3),(656,'Two conference energy then',162,'2016-10-11',72.3,16549246,135612728,1439,5,3,1,2),(657,'Policy spring',118,'2013-12-10',94.9,135658119,321626534,20148,2,2,3,3),(658,'Account me',150,'2013-03-06',58.3,25874812,122852868,20151,3,2,3,2),(659,'Social air indicate',92,'2003-08-21',54.5,83153533,499117878,11678,3,1,4,2),(660,'According society',156,'1997-11-25',58.9,177152549,263867971,3825,6,3,5,2),(661,'Whose later',163,'1996-06-23',86.5,85699373,551764930,15435,10,4,5,2),(662,'Hand position enter',95,'2016-09-27',46.6,5208514,14942099,22708,2,3,1,1),(663,'Ask',152,'2024-11-30',68.4,186164370,353258794,24082,9,5,5,4),(664,'Election myself',84,'2020-09-24',97.7,165031805,242796148,29496,3,5,2,4),(665,'Study mission always',107,'1998-05-12',34.4,36843563,373741958,26640,9,5,5,5),(666,'Hope save agent',87,'2005-05-15',60.9,33721169,188371400,10881,1,2,1,4),(667,'Daughter president picture',94,'2002-06-25',89.5,94509833,539584859,6712,3,2,5,2),(668,'Administration work',120,'2014-07-29',41.2,100056252,423213845,29796,6,2,3,5),(669,'Get floor east',119,'2005-08-26',25.2,60433195,529344015,4367,10,2,1,4),(670,'Exist',126,'2024-09-26',79.2,57767499,133988943,9947,9,4,3,4),(671,'There majority smile',138,'2009-03-29',20.4,106998352,532456225,9840,10,2,3,2),(672,'Record walk make',120,'2024-01-07',80.5,100839536,359488400,20669,4,2,5,3),(673,'They boy',134,'2014-11-21',81.7,126518816,171620186,611,6,5,4,3),(674,'Wind senior',173,'2008-01-06',16.2,181165324,589957879,4141,8,4,1,5),(675,'Senior drop',91,'2001-05-20',55.6,169020852,588574039,2762,2,1,2,5),(676,'Difficult particularly',91,'1996-02-01',23.9,158911165,186984899,8188,5,4,4,1),(677,'Help hand run',95,'2004-02-05',57.4,147279059,427668886,14766,7,4,4,2),(678,'Free decade maintain',173,'2022-03-26',69.4,165976463,454002041,15275,7,3,5,3),(679,'Region ground than',172,'2003-05-01',23.9,86307435,266366036,19941,2,3,5,2),(680,'Firm receive join',175,'2016-04-18',72.7,122570563,368904875,2442,10,3,4,2),(681,'Out rule',122,'1995-10-15',35.6,64943015,168843234,27223,9,4,4,4),(682,'Morning around',119,'2019-11-07',31.1,173939272,455326266,6801,2,2,4,4),(683,'Degree avoid dream',144,'2012-08-24',85.8,167657855,241599789,15906,10,2,1,4),(684,'Meeting week',126,'2000-06-20',41.7,74310836,125341980,12814,1,5,1,3),(685,'Hope think new',148,'2007-12-27',47.7,86693207,197942338,19429,6,4,1,4),(686,'Employee official',177,'2011-02-08',39,49830311,191581883,10492,9,5,3,4),(687,'Include push',178,'2001-09-14',90.9,168764931,476053516,6677,1,2,1,2),(688,'Two memory analysis way',85,'2004-09-10',61.6,67769067,173357161,26797,6,4,3,2),(689,'Skin',108,'2012-10-05',49.6,185155484,599043901,6713,8,2,2,5),(690,'Professor section task',180,'2019-11-16',33.1,182795573,347580277,6196,10,5,1,2),(691,'Look happen raise',147,'2018-06-10',70.7,101771737,104019416,29824,1,4,3,5),(692,'Country three practice generation',157,'2022-11-12',55.1,77569239,301642072,10430,2,1,1,2),(693,'Event lead others',142,'1995-07-18',33.2,106232808,225849934,12849,6,5,1,5),(694,'Congress exactly painting',94,'2012-09-27',21.1,74260187,194716466,22366,8,5,1,1),(695,'Lose',126,'2017-12-02',28.1,61812681,544471886,5589,2,1,2,2),(696,'Indicate big anyone',111,'2018-05-06',75,170268081,398493411,23581,1,4,4,4),(697,'Actually ahead stay',111,'1998-10-26',15.6,181710715,526672265,18093,3,1,1,5),(698,'Read keep',102,'2000-07-22',20.2,119981821,438134520,9907,6,1,5,3),(699,'Surface me',126,'2009-07-08',72.6,119792138,290156360,19872,4,4,1,4),(700,'Former entire husband',86,'2001-04-02',48.5,164868124,629243398,2291,3,2,3,2),(701,'Know tell senior',99,'2015-08-09',64.6,49380537,162370500,1649,4,2,5,1),(702,'Mention woman fast',127,'2003-12-16',96.2,15350613,243394823,10144,1,2,5,5),(703,'Tell turn lot network',149,'2004-07-09',82.2,90604379,360947121,29389,6,1,2,2),(704,'Husband third',160,'2011-04-20',88.9,96361378,485912907,14364,7,3,5,1),(705,'Young matter wind',93,'2000-02-14',11.3,180775709,191678239,9092,10,5,4,2),(706,'Really box',163,'1997-04-18',68.4,16087135,143884455,20557,5,1,2,4),(707,'Off market',120,'2000-07-22',96.2,40224340,123423443,7814,2,5,5,3),(708,'Pass picture serious',177,'2006-11-03',34.1,128777198,317697917,25403,3,3,1,3),(709,'Chance save return',150,'2015-10-28',97,46980877,325996917,10023,3,4,5,3),(710,'Inside forget concern',172,'1996-09-24',17.7,158291356,312945220,17036,7,4,5,2),(711,'Suffer color',80,'2020-05-14',67.9,61724007,437203075,860,10,5,5,4),(712,'Wait but',169,'2002-03-08',86.4,117880009,191452317,4300,8,2,1,2),(713,'Cultural boy',117,'2005-11-05',57,58975782,208065844,14559,8,1,1,4),(714,'Federal network',156,'2015-03-24',92.1,131583820,290540870,18360,10,2,1,3),(715,'Town',117,'2017-12-14',82.8,145523247,386560402,21284,8,2,4,3),(716,'Sea ago',148,'2019-05-31',69.9,42626388,57955231,7948,6,1,4,1),(717,'Among by',92,'2020-07-27',26.3,44872815,108516493,16090,3,4,4,2),(718,'Year decade speak',90,'2004-08-11',28.8,158127622,339459799,3726,2,3,3,1),(719,'Ask financial buy',159,'2001-01-30',42.2,152237944,299203846,16393,10,4,3,4),(720,'Station mention major',91,'2000-05-30',95.4,187104418,466402651,18332,7,5,5,1),(721,'Sign still argue through',83,'2001-03-20',57.1,143102560,615732984,21057,9,2,5,5),(722,'Economic at theory',93,'2005-03-26',47.1,94666881,482914811,25374,7,2,2,2),(723,'Research prepare citizen',149,'2011-10-11',79.3,30165867,188345730,16941,8,4,4,1),(724,'Impact',153,'2021-08-01',93.1,147556225,335363445,26286,1,2,1,2),(725,'Mr report',124,'2023-06-15',40.2,39197926,104648351,18483,4,5,3,3),(726,'Wear practice too',168,'2018-11-23',14.7,79227918,376669669,14544,5,4,2,1),(727,'Eye common',122,'2018-07-14',90.5,117360138,422765352,18025,10,2,5,2),(728,'Issue build law',96,'2024-09-23',37.9,37648816,51351723,28854,8,4,1,3),(729,'Adult one',168,'2011-07-30',48.5,25974681,334723460,26978,10,5,2,3),(730,'Government really bill',162,'2021-07-22',45,7809919,64869069,24391,1,1,3,1),(731,'Travel especially evidence',119,'2003-11-06',12.6,107899250,147455635,5760,7,5,4,2),(732,'Church whom',172,'2009-09-03',98.4,18022463,415769429,17499,10,5,5,3),(733,'Rule good',171,'2007-05-10',72.7,170286441,487267350,15083,10,3,1,3),(734,'Quality and',100,'2009-06-05',21.9,51458223,322574975,21173,7,5,4,1),(735,'Worker make',117,'2013-12-06',19.1,65432810,491053091,5856,5,1,3,2),(736,'Remain see apply represent',105,'2007-10-04',68.8,36447577,408793275,4261,4,2,4,5),(737,'Cut money',146,'2023-06-19',89,95890022,379955682,5783,2,1,5,5),(738,'Clear role leader',163,'2019-03-29',95.5,182225763,500115078,1843,5,5,5,4),(739,'Push officer reason',108,'1995-12-14',70.5,90055654,441154286,27820,10,2,4,1),(740,'Themselves figure already',106,'1998-09-04',60.9,154646639,247428513,9605,5,4,5,1),(741,'Candidate ago',142,'2016-03-19',47.9,177646363,253923406,21286,8,1,3,3),(742,'Daughter term challenge',142,'2001-08-25',87,93386782,523511493,9121,9,2,3,1),(743,'Former allow father whose',172,'2021-07-02',52.6,183989043,266607748,8983,7,5,3,3),(744,'Person notice admit',85,'2021-09-26',55.1,157058709,564388346,11784,3,4,2,2),(745,'Save my third',122,'2001-08-20',39.3,178278286,425998334,3836,5,4,3,2),(746,'Always so',125,'2024-07-28',80.3,155514227,297618088,2863,6,5,1,5),(747,'Course',113,'2009-05-31',56.7,95490166,241862569,1449,1,1,4,5),(748,'Fast rule',120,'2014-07-29',23.1,69670681,566453923,22355,9,3,5,4),(749,'Center machine law',118,'2019-09-02',83.2,153437247,539536454,28809,1,2,2,5),(750,'Heart response draw scientist',158,'1995-08-03',40.6,196891823,386802282,25628,10,5,4,3),(751,'Arrive',97,'2000-10-02',70.8,169444887,233273593,10120,4,1,4,2),(752,'Guess',110,'2009-04-15',58.7,128450486,356170233,15322,8,5,5,5),(753,'Current',115,'2013-05-22',98.4,172677169,188865534,6484,4,4,3,1),(754,'Term sure plan',177,'2010-05-08',48.7,39950256,383463183,18544,6,3,5,1),(755,'Everyone head',111,'2017-03-15',29.8,174067769,365334209,12741,6,1,2,2),(756,'Responsibility support card somebody',163,'1998-04-23',50.4,92669111,343444932,24538,7,4,2,5),(757,'North indicate',126,'2023-05-19',85.5,127468249,576045996,7486,6,3,5,5),(758,'Kid deal ask',104,'2004-04-17',66,192142775,602389444,19480,7,1,1,3),(759,'Near head',117,'2022-11-09',27.3,132357573,178037724,17221,6,3,1,2),(760,'Few',94,'2008-10-17',63.4,96658356,272437681,14320,2,3,2,2),(761,'Perform guy',110,'2018-06-24',80.1,181649444,276134475,12403,10,5,4,4),(762,'Interesting course more',180,'2014-05-02',55,35609484,106852649,4847,6,5,3,3),(763,'House describe strategy',176,'2013-04-18',100,87063182,229721580,2799,9,5,4,1),(764,'Course between cell',155,'2000-05-01',75.1,55404470,547000557,5175,8,3,5,3),(765,'City type',114,'2011-07-21',30,80648306,225234662,15078,5,4,5,2),(766,'Project Democrat person',151,'2022-07-12',83.4,7569438,461131132,12804,3,5,3,4),(767,'None simple',111,'2024-08-18',64.8,102586192,320128209,17507,7,4,4,1),(768,'Defense pull',138,'2016-03-11',88.3,15352745,177787088,3982,4,5,3,2),(769,'Few lead without',125,'2010-11-09',84.6,169076170,445350786,8436,3,1,1,5),(770,'Tend still',109,'2024-02-16',54.3,191736728,603123467,3239,9,5,3,5),(771,'National trip family',101,'2018-03-16',46.9,176552600,522136193,5581,1,3,5,4),(772,'Expect hit',157,'2000-02-07',37.3,185112409,597988911,18348,5,4,4,5),(773,'Sport performance baby but',163,'2006-11-19',75.5,14433213,432411116,16454,7,4,3,3),(774,'Country finally',140,'2023-07-26',14.1,179904925,267923216,20114,4,4,1,3),(775,'Director according sister forget',174,'2015-03-28',92.2,168947210,629614798,24287,5,4,3,2),(776,'Window value',99,'1998-11-05',91.5,5588426,207453315,5509,7,3,3,3),(777,'Identify sister each',180,'2011-10-15',23.5,15103008,181249935,6795,10,4,2,5),(778,'Be reduce',135,'2014-09-13',64.4,159158855,412670289,17428,7,3,5,5),(779,'Reveal loss score that',85,'2022-06-05',17.7,93101147,391223512,18268,9,4,5,3),(780,'Really direction',144,'2016-01-28',29.9,61179311,69495189,16988,3,1,4,3),(781,'Reveal look one',165,'2018-02-16',39.3,12357296,101328319,6520,3,5,5,4),(782,'Raise visit',140,'2005-02-27',53.3,10425528,394686490,18209,10,2,3,2),(783,'Civil do',157,'2014-01-09',28.1,57912292,557368014,25409,7,3,1,4),(784,'Benefit lot special',91,'2023-10-23',45.8,17363460,324643442,27897,2,5,5,5),(785,'Third reveal street',98,'2004-06-02',89.7,194755278,403252589,7855,9,4,3,5),(786,'Direction system',81,'1996-04-10',54.1,77132226,381817958,8438,3,2,1,2),(787,'Adult other material defense',136,'2004-04-05',15.3,115300212,443418788,19596,2,4,3,4),(788,'Ask drive series reach',123,'2013-10-05',46.6,77757453,537140057,8720,6,2,3,5),(789,'Trip themselves capital',142,'1996-07-19',63.4,157111234,588840693,9602,3,4,4,3),(790,'Eight',117,'2022-11-20',97.4,185936069,483891190,13658,6,5,4,5),(791,'Protect somebody',149,'2010-11-07',38.6,182986841,579831636,28947,3,1,3,3),(792,'Doctor take',122,'2024-03-02',44.4,174957698,420789028,13571,6,5,3,1),(793,'His shake somebody',96,'2020-11-27',28.4,83059959,479619936,28785,10,4,3,5),(794,'Chance try ground',82,'1998-09-16',33.3,148661655,269967357,25202,9,4,1,2),(795,'Involve heavy relationship',103,'2006-05-18',65.7,186695376,455741060,10458,2,3,3,4),(796,'Take game mother',147,'2016-10-31',94.1,10472774,391503758,1068,6,3,4,3),(797,'Resource from address',103,'2002-07-15',75.1,137309132,475600626,27418,5,1,5,3),(798,'Business share paper',121,'2006-01-13',79.1,57605377,203937441,128,4,1,3,1),(799,'Month watch big',162,'2010-12-29',90,97240258,577311719,18918,3,1,4,4),(800,'Hard race',82,'2006-07-31',13.1,117448794,299115118,29510,6,3,1,4),(801,'Western war',80,'2002-06-08',69.5,69415258,169673903,9366,7,4,3,2),(802,'Energy single',120,'2014-05-10',19.7,44891607,277517947,23012,7,5,3,3),(803,'Number door',161,'2002-09-26',35.1,104660121,312826258,21714,4,1,4,3),(804,'Stage campaign',124,'2018-04-28',93.6,67823558,336006395,2317,9,5,5,1),(805,'Maintain alone consider',136,'2018-12-13',60.4,184560237,653015103,24308,2,2,5,5),(806,'Natural attack understand',115,'2000-02-22',26.8,17653652,413093904,27660,7,4,5,3),(807,'Science each protect',153,'1996-05-31',61,106219460,261686102,20253,8,2,4,5),(808,'Especially',96,'2017-11-02',43.8,185794786,214711380,14948,6,3,3,4),(809,'Foreign break officer',83,'2007-12-25',38.8,171861028,348385761,20646,3,3,3,4),(810,'Investment live quality money',98,'2009-10-04',20.3,190479419,406987142,29684,10,1,3,2),(811,'Foot money building',92,'2020-01-25',81.6,138049276,632918438,21795,10,2,4,1),(812,'Such investment education',175,'2024-09-22',63.5,95619694,469657060,26477,10,4,5,5),(813,'Wear most treat',165,'2004-11-14',61,7711492,162209301,16389,6,5,4,2),(814,'Rise year book',162,'2012-10-25',32.3,136682690,169093689,1843,4,5,4,2),(815,'Network direction large',128,'2002-01-21',65.7,56693708,339667572,5024,6,5,1,5),(816,'Out two bill',177,'2000-12-23',70.7,19535802,431561983,16577,7,1,1,2),(817,'Back economy',161,'2011-02-28',88.9,168741513,208930313,10641,7,5,1,1),(818,'Prove color group',174,'2023-11-16',69.4,8647098,37522200,29369,4,3,1,5),(819,'Body decide',103,'2018-04-12',20.2,45944226,407571670,29232,9,2,3,5),(820,'Reflect them central',143,'2007-08-25',43.1,46413243,418631105,8598,10,5,2,3),(821,'Tv career',84,'2005-03-12',55.5,138608766,494815790,24888,7,1,4,4),(822,'Fall effect read',120,'2011-06-20',87.1,105550528,605256866,3890,4,3,5,1),(823,'Southern morning fast',115,'2005-09-23',88.2,50827251,123530915,20524,1,2,5,4),(824,'Its everything',111,'2022-09-02',64.6,59376214,386285350,4550,9,4,2,4),(825,'Local',127,'2002-03-27',29.5,90378756,377681440,23805,3,4,3,4),(826,'Wear no',104,'2009-04-08',19.8,110217004,404188522,1603,10,3,2,4),(827,'Usually cause pull',150,'2003-08-03',69.4,146463437,598636694,24731,9,3,3,4),(828,'Try experience',109,'2001-04-05',24.7,192513465,581401641,2813,8,2,2,5),(829,'Dog who about',94,'2000-07-29',68.4,59324416,244628658,16411,2,2,5,1),(830,'Rise eight',104,'2024-10-07',79.5,125976758,553947573,14450,7,2,3,5),(831,'Wind morning majority',134,'1996-05-14',99.3,112965964,227795608,8845,5,5,1,2),(832,'At throw garden',136,'2012-10-23',42.9,93095698,209693119,11959,4,2,1,3),(833,'Build few price',149,'2013-12-20',57.5,77105093,466710113,15193,4,5,1,3),(834,'Suggest build',142,'2000-11-25',70.1,83650765,177437663,21388,3,3,1,1),(835,'Pm',105,'1997-03-10',35.1,42857802,71594925,21342,5,3,1,2),(836,'Throw',166,'2008-09-10',16.9,29500749,420805717,20138,6,2,5,2),(837,'Relationship',133,'1996-01-11',79.9,195882540,292299505,18822,4,3,3,5),(838,'Attack need pretty',177,'2008-06-24',97.9,57628317,382013161,21186,7,4,1,5),(839,'Media machine',93,'1996-03-07',51.7,16352807,431481370,24774,8,5,1,4),(840,'Rate your',107,'2003-05-21',52.3,148936675,380022396,26622,5,5,1,5),(841,'Fall lay',111,'2023-04-11',80.6,199365687,587868766,25257,5,4,1,5),(842,'Executive bring image',163,'2018-07-19',49.7,122570102,209811543,21424,1,5,5,5),(843,'Paper down',151,'2013-08-18',25.3,48549388,184335742,24576,3,5,2,2),(844,'Sea reflect',175,'2024-04-28',34.2,172987817,617593326,23704,7,2,5,1),(845,'Serious message according',158,'2013-12-31',61.3,174650766,629088464,17266,6,1,1,4),(846,'Close before sort',109,'2001-01-15',54.8,87420821,158919390,17968,5,4,2,5),(847,'Build before stop',159,'2016-10-20',64.2,188604139,638936301,3149,1,1,5,3),(848,'Car high he',134,'2018-06-12',29.4,41344160,404797538,13207,4,4,1,5),(849,'Management push remain',179,'2018-06-13',79.2,137905951,377182682,1283,8,4,2,1),(850,'Human thought watch',151,'2020-01-18',16.8,42473488,523229208,15356,7,1,4,2),(851,'Cut professional management',141,'2012-01-03',78.3,176265545,435872050,24587,2,1,1,3),(852,'Year road',130,'1996-11-19',20,147902422,395911468,18969,10,5,4,2),(853,'Simple travel force',158,'2006-11-08',43.3,71948092,217107820,24600,10,1,5,3),(854,'Card half',82,'2023-09-04',37.8,112605974,348836774,6300,10,5,1,3),(855,'Both great rate daughter',152,'1996-04-13',15.2,100133269,508787639,24239,5,5,1,4),(856,'Security top hard',106,'2020-10-06',84.4,149472351,312555828,7951,3,2,1,1),(857,'Floor key sell',117,'2019-04-23',75.4,10581413,228285224,28526,6,4,3,1),(858,'Long surface off',126,'1998-12-31',60.7,25869096,76522940,5153,10,4,4,1),(859,'Old lead security',151,'2024-08-10',65.4,61812493,111770005,25879,8,3,3,2),(860,'Thing form',108,'1998-12-10',80.7,167001524,355325360,16495,3,4,4,4),(861,'Kind about response pay',119,'2002-06-19',52.3,128690182,627632562,4040,4,1,1,3),(862,'Itself yeah',139,'2016-11-11',91.8,33502538,146386876,17963,6,5,4,4),(863,'Rule',104,'2006-08-31',74.2,60095174,83564692,28585,10,1,1,4),(864,'Table memory staff',128,'2014-08-29',88.6,151141600,570110323,10038,10,5,1,5),(865,'National',158,'2010-01-09',25.6,85612922,175527464,17480,3,5,3,2),(866,'Theory support level million',163,'2019-06-27',24.8,177308064,204222926,477,10,2,5,3),(867,'Various according along',158,'1996-04-03',98.5,73492513,426204621,7453,6,3,1,3),(868,'Eight wear food',170,'2008-01-13',24.9,118933778,410458029,19449,1,5,3,5),(869,'Whatever',93,'2003-11-26',25,38526034,236752178,21986,2,3,5,4),(870,'Quickly six quality',148,'1995-12-20',23.9,164775654,353014473,13525,7,2,4,1),(871,'Anyone',121,'2021-12-12',39.6,196951235,545013671,28778,8,1,3,1),(872,'Available doctor',156,'2009-08-14',59,154478394,327666002,21778,1,4,5,4),(873,'Spend its other',166,'1996-06-19',27.5,77645591,264633817,14491,8,2,5,4),(874,'Coach current',105,'2013-10-17',61.8,182002854,637837998,26207,1,4,1,5),(875,'Month world',129,'2007-06-23',86.8,193797496,573478929,29270,6,2,3,1),(876,'Identify agreement',173,'2023-01-20',62.8,138642608,606385946,3370,4,1,5,3),(877,'Throw or piece',165,'2012-04-04',52.2,91027296,132043608,13325,4,3,3,1),(878,'Yet middle',161,'2011-03-19',74.7,64237399,436105715,1354,5,2,1,3),(879,'Threat heavy',128,'2024-05-26',63.5,127186931,579191154,19064,2,3,3,3),(880,'Administration',172,'1996-12-11',85.7,126441675,318014127,4676,3,1,5,2),(881,'This free keep',136,'1998-12-10',33.5,17163036,120086263,1555,8,5,1,3),(882,'View collection',147,'2003-03-13',62,198554322,627230332,3575,5,3,2,5),(883,'Tell process',179,'1997-05-21',96.5,94805791,548596482,7608,7,2,4,4),(884,'Congress physical east',156,'2020-11-20',19.2,105869930,494415990,18384,7,1,3,2),(885,'Someone even discussion',152,'2009-08-28',92.5,47904237,386141982,14935,2,2,3,3),(886,'Sound last receive',92,'2011-06-25',24.1,186448632,477330999,22669,9,4,5,4),(887,'Way time according',89,'2005-09-11',36.4,43081482,104203138,24025,10,2,1,1),(888,'Model number since',158,'2006-02-17',73,153389248,336146413,22827,9,1,1,5),(889,'Nation bar trouble',152,'2005-07-24',39.6,19570205,176856571,23409,5,4,1,4),(890,'Soon weight',126,'2021-08-25',85.7,13081282,400191673,4612,5,1,3,1),(891,'Service',114,'2024-03-25',34.7,141738392,293176956,24409,2,2,2,3),(892,'Glass two side',153,'2007-10-14',18.6,27688768,418983539,12819,10,2,5,5),(893,'My rock not',166,'2025-03-14',44.3,125121119,439017970,29047,4,1,2,2),(894,'Adult southern make note',147,'2020-10-16',81.5,151930086,631708012,2212,8,3,2,2),(895,'Course front',137,'2019-12-02',96.5,96065685,550418447,15176,3,4,5,4),(896,'Hotel plan',90,'2009-06-09',96,17845282,286442914,12086,10,2,3,4),(897,'Mrs thousand',120,'2002-01-07',71.2,9176030,226533215,1651,7,4,2,4),(898,'Bit treatment',147,'2019-03-26',73.7,178136233,477036933,24673,9,2,1,2),(899,'Discover step',100,'2018-10-22',94.6,168492373,638717700,15648,7,3,5,2),(900,'The continue mission',107,'2005-04-25',53.4,91140671,399071274,13882,5,4,3,4),(901,'Approach teacher doctor',165,'2007-12-05',97.5,193409134,640348457,20481,10,3,4,5),(902,'Near bring mouth soon',102,'2008-04-25',64.7,68550975,296174919,16574,4,3,3,1),(903,'Yourself',164,'2010-07-25',85.2,162519764,469812310,14492,5,1,4,2),(904,'Contain under',140,'2023-09-05',88.3,139764889,186584547,21367,4,1,5,5),(905,'Far something material',133,'2001-12-07',71,162458255,198020181,8859,3,3,5,4),(906,'Age let',98,'1996-09-11',84.4,106647211,263698171,16306,2,3,5,3),(907,'Citizen drive',170,'2020-05-15',33.7,111979969,250966230,2679,5,3,3,4),(908,'History lose',138,'2011-11-29',50.7,52500530,162945043,24757,6,2,3,1),(909,'Operation situation through mother',136,'2020-06-11',51.5,44111730,269575995,26645,4,4,5,5),(910,'Discussion adult',172,'2000-10-17',18.3,22421589,126693487,5214,8,2,3,1),(911,'Soon difficult fire',134,'2010-05-08',99.4,178125168,278223484,20012,4,1,4,3),(912,'Particularly other technology',152,'2002-11-10',15.6,166460307,287186425,21661,9,1,5,1),(913,'Billion trade as',87,'2003-09-18',13.6,33729307,156881870,19353,6,4,2,4),(914,'Style story health',160,'2011-06-01',30.8,69743029,82767422,22410,3,2,2,5),(915,'Order successful',122,'2015-11-15',52,153880642,177544701,28925,7,2,5,4),(916,'Stand push yet',90,'1995-11-08',88.8,120216511,369142523,4175,9,1,3,5),(917,'Simply budget glass',137,'2024-05-25',65.3,115068607,363307066,10483,2,2,3,2),(918,'Around',108,'2014-01-04',59.4,147376642,621091315,29885,8,3,3,4),(919,'Environmental activity',110,'1997-03-26',23.8,21898863,319500424,28422,10,5,2,4),(920,'Drive certainly citizen',100,'2001-05-15',54.8,125191902,228924398,2355,7,1,2,4),(921,'Great pattern',116,'2005-10-15',79.7,40310753,49346834,923,9,4,2,2),(922,'Kid raise',123,'2001-08-16',14.8,30935614,308979608,26593,5,3,3,2),(923,'Raise cost',108,'2007-01-18',91.5,98472814,397090826,22762,7,1,5,3),(924,'Size though place',128,'2022-04-15',40.2,36478902,511100639,10866,9,2,4,2),(925,'Somebody key clearly',92,'2015-11-30',42.7,75222833,483989967,13151,10,5,5,4),(926,'Would leg',163,'2009-12-16',45.4,106278031,460697553,2486,5,3,1,2),(927,'Form list nice',160,'2017-08-28',66.5,60821773,514638195,28330,1,4,5,2),(928,'Avoid space',148,'1998-08-29',53.4,76902388,220824528,29304,2,1,1,2),(929,'Eat staff fill',103,'2015-06-21',93.5,73399771,192343903,10189,6,5,5,5),(930,'Material brother then offer',149,'2004-04-25',50.6,150671162,328076039,6881,5,3,5,4),(931,'Meet send fine including',127,'2011-08-30',76.1,183350465,275096659,3094,8,1,5,1),(932,'Door poor house',149,'2018-07-02',52.4,169632309,426998323,5898,1,1,4,4),(933,'Network image from glass',169,'2011-03-12',16.1,97936380,460978262,17053,8,2,3,5),(934,'Sometimes',137,'2014-05-04',42.1,80315881,472967173,12286,7,5,2,3),(935,'Look student since',173,'2007-06-22',44.9,123229871,556102029,1721,5,4,5,2),(936,'Owner ability nature',85,'2018-09-24',32.1,147399459,570831193,22543,3,5,1,5),(937,'Effort century boy people',85,'2021-03-09',77.2,88908363,169670978,28664,7,4,2,1),(938,'Race man better',145,'2020-08-03',18.1,77007687,276388217,17741,1,2,2,5),(939,'Reason',144,'2023-08-25',57.8,164695216,254080094,25516,1,1,4,1),(940,'Doctor identify pressure',100,'2010-11-12',76,161764336,366745323,21930,6,3,3,1),(941,'Tv center',169,'2017-09-16',77.4,83666100,247355947,11645,9,4,4,4),(942,'Surface song fine',126,'1997-10-23',13.1,94755417,201198895,6584,1,2,1,2),(943,'Blue partner produce',123,'2002-10-30',92.7,151356478,248776216,6735,8,2,4,3),(944,'Truth either thank',105,'2005-09-08',56.3,147216040,285042895,726,8,3,3,1),(945,'Hold network',98,'2012-07-16',68.3,26921471,308183514,12160,2,5,5,3),(946,'Case trial lead',84,'2015-10-07',14.2,185201698,316822790,25572,8,2,4,1),(947,'Ground',93,'2019-12-25',47.4,117738987,611800253,27182,8,5,2,4),(948,'South name kid',172,'2001-04-18',74.5,151320348,558001228,19401,1,4,5,5),(949,'Million',122,'2004-07-07',30,198655820,666504066,7390,3,4,3,2),(950,'Outside on',97,'2014-07-11',56.5,160789629,385851357,29433,7,1,2,2),(951,'Physical sign home',86,'2019-02-02',76.4,102995089,348104987,5442,8,4,1,5),(952,'Because story art',123,'2009-10-26',65.3,99542310,523571085,9458,5,5,2,1),(953,'Half tough',91,'2020-05-24',27,128949502,210426995,1881,5,5,3,5),(954,'Research brother',169,'2024-02-15',33.5,95029409,444229241,24143,3,2,1,3),(955,'Treatment leave movement',83,'2014-06-02',76.3,75519479,450290544,4380,3,1,1,2),(956,'Film table agency',118,'2002-09-18',82.7,122071052,345345487,13500,10,5,1,5),(957,'Seem interesting',122,'2004-06-03',65.8,126719254,367923921,28253,8,4,3,1),(958,'Buy most thing',139,'2019-07-01',73.7,139732180,518044154,18504,9,5,4,1),(959,'Foreign sea somebody',173,'2018-08-28',34.6,53369035,79072619,12974,7,3,4,1),(960,'Include stop',98,'2008-01-21',22.6,33980250,499052268,29662,6,5,3,4),(961,'Push bag dog',115,'1998-07-11',58.4,119778482,247692358,20784,9,5,5,5),(962,'Require',161,'2010-05-21',52.6,133858343,316639521,24347,5,2,5,3),(963,'Into crime',94,'1995-08-12',60.1,174073177,367108561,14623,3,2,3,1),(964,'Special tough',119,'2023-11-19',46.1,59260762,272314489,29832,7,3,3,2),(965,'Result',99,'2015-09-06',67.9,102618230,330808325,3119,5,1,5,1),(966,'Many on year',147,'2014-04-01',65.1,21626010,294591209,519,1,2,2,2),(967,'Walk',81,'2018-08-19',26.8,155259340,620439145,2582,8,3,1,4),(968,'Lose easy plant',158,'2023-03-14',55.1,87704780,151975596,12092,10,4,5,3),(969,'Owner activity parent',120,'1999-07-29',26.2,123187764,228214165,18845,4,3,2,2),(970,'Weight statement',108,'2012-10-22',58.2,62792202,494652127,23991,1,1,2,3),(971,'Ok western audience dog',106,'2004-11-05',78,18022591,364995020,6204,8,5,2,2),(972,'Future consider',155,'2016-12-28',27.5,112866953,450400557,14216,7,1,5,4),(973,'Some wind sell',132,'2024-01-11',60.5,67437675,240102478,11088,5,3,4,5),(974,'Manage trial allow',131,'2011-10-27',24.9,12699861,450671132,6586,3,2,3,2),(975,'Religious fish anyone',131,'2001-02-01',36,109829451,528093919,8471,10,1,4,1),(976,'Road treat spring',106,'2020-10-24',88.2,146980647,598877239,16503,9,5,3,1),(977,'Talk sure within',125,'2011-04-04',11.3,173305958,371920013,26041,6,1,4,3),(978,'Some company',100,'2017-09-27',66.8,132061367,151707840,24047,1,3,1,4),(979,'Security',146,'2023-11-20',74,156961977,408029539,6578,10,2,5,2),(980,'Share feel',155,'2003-07-29',42.8,168346898,294554613,2692,9,4,1,1),(981,'Say surface',175,'1996-03-17',38.3,94476989,266163271,18844,4,1,2,5),(982,'Feel similar',82,'2021-05-25',73.4,130095486,226366327,24569,2,5,1,3),(983,'Attorney avoid where',112,'2023-11-25',44.5,55925529,254068553,20925,10,5,1,3),(984,'Quickly instead',167,'2012-11-28',58.4,77423076,343130342,7136,6,3,3,5),(985,'Person interest result',152,'2021-08-04',97,195187940,196583816,21684,9,2,4,3),(986,'Add win',170,'1996-11-18',93.7,24792428,229007491,23532,5,3,5,3),(987,'Person',164,'2022-06-20',95.1,57723882,462089334,23755,9,3,5,1),(988,'News number whether',118,'1999-12-23',95,106265344,126772044,21714,3,2,5,5),(989,'Bad investment',122,'2008-10-26',28.3,28585097,497681052,27610,4,3,4,2),(990,'Anything pay who',171,'2002-09-19',58,146829836,500362580,21408,8,1,3,3),(991,'Human western',127,'1997-07-02',30.6,46522388,251725373,10222,4,5,4,5),(992,'Pull small',116,'2001-07-05',56.8,16062615,441218172,27778,9,2,2,3),(993,'Market so',104,'2013-02-20',19.8,68973660,332291576,3570,6,5,3,3),(994,'Life bed wrong',118,'1997-01-15',68.6,83946018,208903989,23224,1,2,4,3),(995,'Guy',135,'2024-04-04',34.8,31437550,348332983,3918,3,5,4,5),(996,'Operation dream',143,'2001-08-28',40.9,155635728,220268810,17433,3,3,3,1),(997,'Address',138,'2019-05-27',44.5,110260061,179058809,20231,10,1,3,4),(998,'Pretty end decade',140,'2017-06-10',65,7545798,166612072,23626,1,3,3,2),(999,'Wish age',108,'2017-03-25',60.6,164966090,529068959,3690,7,4,2,3),(1000,'Maybe us guy',130,'2000-04-17',92.2,65612954,399638163,22779,1,5,1,4);
/*!40000 ALTER TABLE `movie` ENABLE KEYS */;
UNLOCK TABLES;
/*!50003 SET @saved_cs_client      = @@character_set_client */ ;
/*!50003 SET @saved_cs_results     = @@character_set_results */ ;
/*!50003 SET @saved_col_connection = @@collation_connection */ ;
/*!50003 SET character_set_client  = utf8mb4 */ ;
/*!50003 SET character_set_results = utf8mb4 */ ;
/*!50003 SET collation_connection  = utf8mb4_general_ci */ ;
/*!50003 SET @saved_sql_mode       = @@sql_mode */ ;
/*!50003 SET sql_mode              = 'ONLY_FULL_GROUP_BY,STRICT_TRANS_TABLES,NO_ZERO_IN_DATE,NO_ZERO_DATE,ERROR_FOR_DIVISION_BY_ZERO,NO_AUTO_CREATE_USER,NO_ENGINE_SUBSTITUTION' */ ;
DELIMITER ;;
/*!50003 CREATE*/ /*!50017 DEFINER=`root`@`localhost`*/ /*!50003 TRIGGER presupuesto_alto_insert
AFTER INSERT ON movie
FOR EACH ROW
BEGIN
  IF NEW.budget > 100000000 THEN
    INSERT INTO log_presupuesto(id_movie, accion, budget, fecha)
    VALUES (NEW.id_movie, 'INSERT', NEW.budget, NOW());
  END IF;
END */;;
DELIMITER ;
/*!50003 SET sql_mode              = @saved_sql_mode */ ;
/*!50003 SET character_set_client  = @saved_cs_client */ ;
/*!50003 SET character_set_results = @saved_cs_results */ ;
/*!50003 SET collation_connection  = @saved_col_connection */ ;
/*!50003 SET @saved_cs_client      = @@character_set_client */ ;
/*!50003 SET @saved_cs_results     = @@character_set_results */ ;
/*!50003 SET @saved_col_connection = @@collation_connection */ ;
/*!50003 SET character_set_client  = utf8mb4 */ ;
/*!50003 SET character_set_results = utf8mb4 */ ;
/*!50003 SET collation_connection  = utf8mb4_general_ci */ ;
/*!50003 SET @saved_sql_mode       = @@sql_mode */ ;
/*!50003 SET sql_mode              = 'ONLY_FULL_GROUP_BY,STRICT_TRANS_TABLES,NO_ZERO_IN_DATE,NO_ZERO_DATE,ERROR_FOR_DIVISION_BY_ZERO,NO_AUTO_CREATE_USER,NO_ENGINE_SUBSTITUTION' */ ;
DELIMITER ;;
/*!50003 CREATE*/ /*!50017 DEFINER=`root`@`localhost`*/ /*!50003 TRIGGER presupuesto_alto_update
BEFORE UPDATE ON movie
FOR EACH ROW
BEGIN
  IF NEW.budget > 100000000 THEN
    INSERT INTO log_presupuesto(id_movie, accion, budget, fecha)
    VALUES (NEW.id_movie, 'UPDATE', NEW.budget, NOW());
  END IF;
END */;;
DELIMITER ;
/*!50003 SET sql_mode              = @saved_sql_mode */ ;
/*!50003 SET character_set_client  = @saved_cs_client */ ;
/*!50003 SET character_set_results = @saved_cs_results */ ;
/*!50003 SET collation_connection  = @saved_col_connection */ ;

--
-- Temporary view structure for view `vista_cantidad_peliculas_idioma`
--

DROP TABLE IF EXISTS `vista_cantidad_peliculas_idioma`;
/*!50001 DROP VIEW IF EXISTS `vista_cantidad_peliculas_idioma`*/;
SET @saved_cs_client     = @@character_set_client;
/*!50503 SET character_set_client = utf8mb4 */;
/*!50001 CREATE VIEW `vista_cantidad_peliculas_idioma` AS SELECT 
 1 AS `language`,
 1 AS `cantidad`*/;
SET character_set_client = @saved_cs_client;

--
-- Temporary view structure for view `vista_peliculas_compania_genero`
--

DROP TABLE IF EXISTS `vista_peliculas_compania_genero`;
/*!50001 DROP VIEW IF EXISTS `vista_peliculas_compania_genero`*/;
SET @saved_cs_client     = @@character_set_client;
/*!50503 SET character_set_client = utf8mb4 */;
/*!50001 CREATE VIEW `vista_peliculas_compania_genero` AS SELECT 
 1 AS `title`,
 1 AS `company_name`,
 1 AS `genre`*/;
SET character_set_client = @saved_cs_client;

--
-- Temporary view structure for view `vista_peliculas_mayor_presupuesto`
--

DROP TABLE IF EXISTS `vista_peliculas_mayor_presupuesto`;
/*!50001 DROP VIEW IF EXISTS `vista_peliculas_mayor_presupuesto`*/;
SET @saved_cs_client     = @@character_set_client;
/*!50503 SET character_set_client = utf8mb4 */;
/*!50001 CREATE VIEW `vista_peliculas_mayor_presupuesto` AS SELECT 
 1 AS `title`,
 1 AS `budget`*/;
SET character_set_client = @saved_cs_client;

--
-- Temporary view structure for view `vista_peliculas_populares`
--

DROP TABLE IF EXISTS `vista_peliculas_populares`;
/*!50001 DROP VIEW IF EXISTS `vista_peliculas_populares`*/;
SET @saved_cs_client     = @@character_set_client;
/*!50503 SET character_set_client = utf8mb4 */;
/*!50001 CREATE VIEW `vista_peliculas_populares` AS SELECT 
 1 AS `title`,
 1 AS `popularity`*/;
SET character_set_client = @saved_cs_client;

--
-- Temporary view structure for view `vista_recaudacion_pais`
--

DROP TABLE IF EXISTS `vista_recaudacion_pais`;
/*!50001 DROP VIEW IF EXISTS `vista_recaudacion_pais`*/;
SET @saved_cs_client     = @@character_set_client;
/*!50503 SET character_set_client = utf8mb4 */;
/*!50001 CREATE VIEW `vista_recaudacion_pais` AS SELECT 
 1 AS `country`,
 1 AS `total_revenue`*/;
SET character_set_client = @saved_cs_client;

--
-- Final view structure for view `vista_cantidad_peliculas_idioma`
--

/*!50001 DROP VIEW IF EXISTS `vista_cantidad_peliculas_idioma`*/;
/*!50001 SET @saved_cs_client          = @@character_set_client */;
/*!50001 SET @saved_cs_results         = @@character_set_results */;
/*!50001 SET @saved_col_connection     = @@collation_connection */;
/*!50001 SET character_set_client      = utf8mb4 */;
/*!50001 SET character_set_results     = utf8mb4 */;
/*!50001 SET collation_connection      = utf8mb4_general_ci */;
/*!50001 CREATE ALGORITHM=UNDEFINED */
/*!50013 DEFINER=`root`@`localhost` SQL SECURITY DEFINER */
/*!50001 VIEW `vista_cantidad_peliculas_idioma` AS select `l`.`language` AS `language`,count(distinct `m`.`id_movie`) AS `cantidad` from (`movie` `m` join `language` `l` on((`m`.`id_language` = `l`.`id_language`))) group by `l`.`language` order by `cantidad` desc */;
/*!50001 SET character_set_client      = @saved_cs_client */;
/*!50001 SET character_set_results     = @saved_cs_results */;
/*!50001 SET collation_connection      = @saved_col_connection */;

--
-- Final view structure for view `vista_peliculas_compania_genero`
--

/*!50001 DROP VIEW IF EXISTS `vista_peliculas_compania_genero`*/;
/*!50001 SET @saved_cs_client          = @@character_set_client */;
/*!50001 SET @saved_cs_results         = @@character_set_results */;
/*!50001 SET @saved_col_connection     = @@collation_connection */;
/*!50001 SET character_set_client      = utf8mb4 */;
/*!50001 SET character_set_results     = utf8mb4 */;
/*!50001 SET collation_connection      = utf8mb4_general_ci */;
/*!50001 CREATE ALGORITHM=UNDEFINED */
/*!50013 DEFINER=`root`@`localhost` SQL SECURITY DEFINER */
/*!50001 VIEW `vista_peliculas_compania_genero` AS select `m`.`title` AS `title`,`c`.`company_name` AS `company_name`,`g`.`genre` AS `genre` from ((`movie` `m` join `company` `c` on((`m`.`id_company` = `c`.`id_company`))) join `genre` `g` on((`m`.`id_genre` = `g`.`id_genre`))) */;
/*!50001 SET character_set_client      = @saved_cs_client */;
/*!50001 SET character_set_results     = @saved_cs_results */;
/*!50001 SET collation_connection      = @saved_col_connection */;

--
-- Final view structure for view `vista_peliculas_mayor_presupuesto`
--

/*!50001 DROP VIEW IF EXISTS `vista_peliculas_mayor_presupuesto`*/;
/*!50001 SET @saved_cs_client          = @@character_set_client */;
/*!50001 SET @saved_cs_results         = @@character_set_results */;
/*!50001 SET @saved_col_connection     = @@collation_connection */;
/*!50001 SET character_set_client      = utf8mb4 */;
/*!50001 SET character_set_results     = utf8mb4 */;
/*!50001 SET collation_connection      = utf8mb4_general_ci */;
/*!50001 CREATE ALGORITHM=UNDEFINED */
/*!50013 DEFINER=`root`@`localhost` SQL SECURITY DEFINER */
/*!50001 VIEW `vista_peliculas_mayor_presupuesto` AS select `movie`.`title` AS `title`,`movie`.`budget` AS `budget` from `movie` order by `movie`.`budget` desc limit 50 */;
/*!50001 SET character_set_client      = @saved_cs_client */;
/*!50001 SET character_set_results     = @saved_cs_results */;
/*!50001 SET collation_connection      = @saved_col_connection */;

--
-- Final view structure for view `vista_peliculas_populares`
--

/*!50001 DROP VIEW IF EXISTS `vista_peliculas_populares`*/;
/*!50001 SET @saved_cs_client          = @@character_set_client */;
/*!50001 SET @saved_cs_results         = @@character_set_results */;
/*!50001 SET @saved_col_connection     = @@collation_connection */;
/*!50001 SET character_set_client      = utf8mb4 */;
/*!50001 SET character_set_results     = utf8mb4 */;
/*!50001 SET collation_connection      = utf8mb4_general_ci */;
/*!50001 CREATE ALGORITHM=UNDEFINED */
/*!50013 DEFINER=`root`@`localhost` SQL SECURITY DEFINER */
/*!50001 VIEW `vista_peliculas_populares` AS select `movie`.`title` AS `title`,`movie`.`popularity` AS `popularity` from `movie` where (`movie`.`popularity` > 80) order by `movie`.`popularity` desc */;
/*!50001 SET character_set_client      = @saved_cs_client */;
/*!50001 SET character_set_results     = @saved_cs_results */;
/*!50001 SET collation_connection      = @saved_col_connection */;

--
-- Final view structure for view `vista_recaudacion_pais`
--

/*!50001 DROP VIEW IF EXISTS `vista_recaudacion_pais`*/;
/*!50001 SET @saved_cs_client          = @@character_set_client */;
/*!50001 SET @saved_cs_results         = @@character_set_results */;
/*!50001 SET @saved_col_connection     = @@collation_connection */;
/*!50001 SET character_set_client      = utf8mb4 */;
/*!50001 SET character_set_results     = utf8mb4 */;
/*!50001 SET collation_connection      = utf8mb4_general_ci */;
/*!50001 CREATE ALGORITHM=UNDEFINED */
/*!50013 DEFINER=`root`@`localhost` SQL SECURITY DEFINER */
/*!50001 VIEW `vista_recaudacion_pais` AS select `c`.`country` AS `country`,sum(`m`.`revenue`) AS `total_revenue` from (`movie` `m` join `country` `c` on((`m`.`id_country` = `c`.`id_country`))) group by `c`.`country` order by `total_revenue` desc */;
/*!50001 SET character_set_client      = @saved_cs_client */;
/*!50001 SET character_set_results     = @saved_cs_results */;
/*!50001 SET collation_connection      = @saved_col_connection */;
/*!40103 SET TIME_ZONE=@OLD_TIME_ZONE */;

/*!40101 SET SQL_MODE=@OLD_SQL_MODE */;
/*!40014 SET FOREIGN_KEY_CHECKS=@OLD_FOREIGN_KEY_CHECKS */;
/*!40014 SET UNIQUE_CHECKS=@OLD_UNIQUE_CHECKS */;
/*!40101 SET CHARACTER_SET_CLIENT=@OLD_CHARACTER_SET_CLIENT */;
/*!40101 SET CHARACTER_SET_RESULTS=@OLD_CHARACTER_SET_RESULTS */;
/*!40101 SET COLLATION_CONNECTION=@OLD_COLLATION_CONNECTION */;
/*!40111 SET SQL_NOTES=@OLD_SQL_NOTES */;

-- Dump completed on 2025-07-28 22:08:59
